Round,Date,Team 1,FT,HT,Team 2
?,(Fri) 11 Aug 2006 (W32),Bayern München (1),2-0,1-0,Borussia Dortmund (1)
?,(Sat) 12 Aug 2006 (W32),Hamburger SV (1),1-1,0-1,Arminia Bielefeld (1)
?,(Sat) 12 Aug 2006 (W32),Bayer 04 Leverkusen (1),3-0,2-0,Alemannia Aachen (1)
?,(Sat) 12 Aug 2006 (W32),1. FSV Mainz 05 (1),2-1,1-0,VfL Bochum (1)
?,(Sat) 12 Aug 2006 (W32),Bor. Mönchengladbach (1),2-0,0-0,Energie Cottbus (1)
?,(Sat) 12 Aug 2006 (W32),FC Schalke 04 (1),1-1,1-0,Eintracht Frankfurt (1)
?,(Sat) 12 Aug 2006 (W32),VfB Stuttgart (1),0-3,0-2,1. FC Nürnberg (1)
?,(Sun) 13 Aug 2006 (W32),Hannover 96 (1),2-4,1-1,Werder Bremen (1)
?,(Sun) 13 Aug 2006 (W32),VfL Wolfsburg (1),0-0,0-0,Hertha BSC (1)
?,(Fri) 18 Aug 2006 (W33),1. FC Nürnberg (2),1-0,1-0,Bor. Mönchengladbach (2)
?,(Sat) 19 Aug 2006 (W33),Alemannia Aachen (2),0-1,0-0,FC Schalke 04 (2)
?,(Sat) 19 Aug 2006 (W33),Energie Cottbus (2),2-2,0-1,Hamburger SV (2)
?,(Sat) 19 Aug 2006 (W33),Borussia Dortmund (2),1-1,0-0,1. FSV Mainz 05 (2)
?,(Sat) 19 Aug 2006 (W33),Eintracht Frankfurt (2),0-0,0-0,VfL Wolfsburg (2)
?,(Sat) 19 Aug 2006 (W33),Hertha BSC (2),4-0,2-0,Hannover 96 (2)
?,(Sat) 19 Aug 2006 (W33),Werder Bremen (2),2-1,1-1,Bayer 04 Leverkusen (2)
?,(Sun) 20 Aug 2006 (W33),Arminia Bielefeld (2),2-3,0-1,VfB Stuttgart (2)
?,(Sun) 20 Aug 2006 (W33),VfL Bochum (2),1-2,0-1,Bayern München (2)
?,(Fri) 25 Aug 2006 (W34),FC Schalke 04 (3),2-0,1-0,Werder Bremen (3)
?,(Sat) 26 Aug 2006 (W34),Bayern München (3),0-0,0-0,1. FC Nürnberg (3)
?,(Sat) 26 Aug 2006 (W34),VfL Bochum (3),0-1,0-0,Energie Cottbus (3)
?,(Sat) 26 Aug 2006 (W34),Hannover 96 (3),0-3,0-1,Alemannia Aachen (3)
?,(Sat) 26 Aug 2006 (W34),Bayer 04 Leverkusen (3),1-1,0-0,VfL Wolfsburg (3)
?,(Sat) 26 Aug 2006 (W34),Bor. Mönchengladbach (3),1-0,0-0,Arminia Bielefeld (3)
?,(Sat) 26 Aug 2006 (W34),VfB Stuttgart (3),1-3,1-2,Borussia Dortmund (3)
?,(Sun) 27 Aug 2006 (W34),Hamburger SV (3),1-1,1-0,Hertha BSC (3)
?,(Sun) 27 Aug 2006 (W34),1. FSV Mainz 05 (3),1-1,0-1,Eintracht Frankfurt (3)
?,(Fri) 15 Sep 2006 (W37),VfL Wolfsburg (4),1-2,0-0,Hannover 96 (4)
?,(Sat) 16 Sep 2006 (W37),Alemannia Aachen (4),4-2,2-0,Bor. Mönchengladbach (4)
?,(Sat) 16 Sep 2006 (W37),Arminia Bielefeld (4),2-1,1-1,Bayern München (4)
?,(Sat) 16 Sep 2006 (W37),Energie Cottbus (4),2-0,0-0,1. FSV Mainz 05 (4)
?,(Sat) 16 Sep 2006 (W37),Borussia Dortmund (4),1-0,0-0,Hamburger SV (4)
?,(Sat) 16 Sep 2006 (W37),1. FC Nürnberg (4),1-1,1-1,VfL Bochum (4)
?,(Sat) 16 Sep 2006 (W37),Werder Bremen (4),2-3,2-1,VfB Stuttgart (4)
?,(Sun) 17 Sep 2006 (W37),Eintracht Frankfurt (4),3-1,0-0,Bayer 04 Leverkusen (4)
?,(Sun) 17 Sep 2006 (W37),Hertha BSC (4),2-0,1-0,FC Schalke 04 (4)
?,(Fri) 22 Sep 2006 (W38),Bor. Mönchengladbach (5),1-0,1-0,Borussia Dortmund (5)
?,(Sat) 23 Sep 2006 (W38),Bayern München (5),2-1,1-1,Alemannia Aachen (5)
?,(Sat) 23 Sep 2006 (W38),Hamburger SV (5),1-1,0-0,Werder Bremen (5)
?,(Sat) 23 Sep 2006 (W38),Hannover 96 (5),1-1,0-1,Bayer 04 Leverkusen (5)
?,(Sat) 23 Sep 2006 (W38),1. FSV Mainz 05 (5),1-1,0-0,Hertha BSC (5)
?,(Sat) 23 Sep 2006 (W38),FC Schalke 04 (5),2-0,0-0,VfL Wolfsburg (5)
?,(Sat) 23 Sep 2006 (W38),VfB Stuttgart (5),1-1,0-0,Eintracht Frankfurt (5)
?,(Sun) 24 Sep 2006 (W38),VfL Bochum (5),2-1,0-1,Arminia Bielefeld (5)
?,(Sun) 24 Sep 2006 (W38),Energie Cottbus (5),1-1,0-1,1. FC Nürnberg (5)
?,(Fri) 29 Sep 2006 (W39),Borussia Dortmund (6),2-2,1-0,Hannover 96 (6)
?,(Sat) 30 Sep 2006 (W39),Alemannia Aachen (6),2-1,0-1,VfL Bochum (6)
?,(Sat) 30 Sep 2006 (W39),Arminia Bielefeld (6),3-1,0-1,Energie Cottbus (6)
?,(Sat) 30 Sep 2006 (W39),Eintracht Frankfurt (6),2-2,1-0,Hamburger SV (6)
?,(Sat) 30 Sep 2006 (W39),1. FC Nürnberg (6),1-1,1-0,1. FSV Mainz 05 (6)
?,(Sat) 30 Sep 2006 (W39),Werder Bremen (6),3-0,3-0,Bor. Mönchengladbach (6)
?,(Sat) 30 Sep 2006 (W39),VfL Wolfsburg (6),1-0,1-0,Bayern München (6)
?,(Sun) 1 Oct 2006 (W39),Hertha BSC (6),2-2,2-1,VfB Stuttgart (6)
?,(Sun) 1 Oct 2006 (W39),Bayer 04 Leverkusen (6),3-1,1-1,FC Schalke 04 (6)
?,(Fri) 13 Oct 2006 (W41),1. FSV Mainz 05 (7),1-3,1-2,Alemannia Aachen (7)
?,(Sat) 14 Oct 2006 (W41),Bayern München (7),4-2,2-0,Hertha BSC (7)
?,(Sat) 14 Oct 2006 (W41),VfL Bochum (7),0-6,0-1,Werder Bremen (7)
?,(Sat) 14 Oct 2006 (W41),Hamburger SV (7),1-2,1-1,FC Schalke 04 (7)
?,(Sat) 14 Oct 2006 (W41),Hannover 96 (7),1-1,1-0,Eintracht Frankfurt (7)
?,(Sat) 14 Oct 2006 (W41),Bor. Mönchengladbach (7),3-1,2-1,VfL Wolfsburg (7)
?,(Sat) 14 Oct 2006 (W41),VfB Stuttgart (7),3-0,1-0,Bayer 04 Leverkusen (7)
?,(Sun) 15 Oct 2006 (W41),Energie Cottbus (7),2-3,1-1,Borussia Dortmund (7)
?,(Sun) 15 Oct 2006 (W41),1. FC Nürnberg (7),1-1,1-1,Arminia Bielefeld (7)
?,(Fri) 20 Oct 2006 (W42),Borussia Dortmund (8),1-1,1-1,VfL Bochum (8)
?,(Sat) 21 Oct 2006 (W42),Alemannia Aachen (8),1-2,1-0,Energie Cottbus (8)
?,(Sat) 21 Oct 2006 (W42),Arminia Bielefeld (8),1-0,0-0,1. FSV Mainz 05 (8)
?,(Sat) 21 Oct 2006 (W42),Hertha BSC (8),2-1,0-0,Bor. Mönchengladbach (8)
?,(Sat) 21 Oct 2006 (W42),FC Schalke 04 (8),2-1,2-0,Hannover 96 (8)
?,(Sat) 21 Oct 2006 (W42),Werder Bremen (8),3-1,2-1,Bayern München (8)
?,(Sat) 21 Oct 2006 (W42),VfL Wolfsburg (8),1-1,1-1,VfB Stuttgart (8)
?,(Sun) 22 Oct 2006 (W42),Eintracht Frankfurt (8),2-2,1-1,1. FC Nürnberg (8)
?,(Sun) 22 Oct 2006 (W42),Bayer 04 Leverkusen (8),1-2,1-0,Hamburger SV (8)
?,(Fri) 27 Oct 2006 (W43),1. FSV Mainz 05 (9),1-6,0-3,Werder Bremen (9)
?,(Sat) 28 Oct 2006 (W43),Bayern München (9),2-0,2-0,Eintracht Frankfurt (9)
?,(Sat) 28 Oct 2006 (W43),VfL Bochum (9),0-1,0-1,VfL Wolfsburg (9)
?,(Sat) 28 Oct 2006 (W43),Energie Cottbus (9),2-0,0-0,Hertha BSC (9)
?,(Sat) 28 Oct 2006 (W43),Hamburger SV (9),0-0,0-0,Hannover 96 (9)
?,(Sat) 28 Oct 2006 (W43),Bor. Mönchengladbach (9),0-2,0-1,Bayer 04 Leverkusen (9)
?,(Sat) 28 Oct 2006 (W43),1. FC Nürnberg (9),1-1,0-0,Borussia Dortmund (9)
?,(Sun) 29 Oct 2006 (W43),Arminia Bielefeld (9),5-1,2-0,Alemannia Aachen (9)
?,(Sun) 29 Oct 2006 (W43),VfB Stuttgart (9),3-0,1-0,FC Schalke 04 (9)
?,(Fri) 3 Nov 2006 (W44),Hannover 96 (10),0-2,0-1,VfL Bochum (10)
?,(Sat) 4 Nov 2006 (W44),Alemannia Aachen (10),2-4,1-2,VfB Stuttgart (10)
?,(Sat) 4 Nov 2006 (W44),Borussia Dortmund (10),1-1,0-0,Arminia Bielefeld (10)
?,(Sat) 4 Nov 2006 (W44),Hertha BSC (10),2-1,1-0,1. FC Nürnberg (10)
?,(Sat) 4 Nov 2006 (W44),Bayer 04 Leverkusen (10),1-1,1-1,1. FSV Mainz 05 (10)
?,(Sat) 4 Nov 2006 (W44),Werder Bremen (10),1-1,0-0,Energie Cottbus (10)
?,(Sat) 4 Nov 2006 (W44),VfL Wolfsburg (10),1-0,1-0,Hamburger SV (10)
?,(Sun) 5 Nov 2006 (W44),Eintracht Frankfurt (10),1-0,0-0,Bor. Mönchengladbach (10)
?,(Sun) 5 Nov 2006 (W44),FC Schalke 04 (10),2-2,2-1,Bayern München (10)
?,(Tue) 7 Nov 2006 (W45),Borussia Dortmund (11),0-0,0-0,Alemannia Aachen (11)
?,(Tue) 7 Nov 2006 (W45),1. FSV Mainz 05 (11),1-2,1-1,VfL Wolfsburg (11)
?,(Tue) 7 Nov 2006 (W45),1. FC Nürnberg (11),1-2,0-1,Werder Bremen (11)
?,(Tue) 7 Nov 2006 (W45),VfB Stuttgart (11),2-0,0-0,Hamburger SV (11)
?,(Wed) 8 Nov 2006 (W45),Bayern München (11),0-1,0-1,Hannover 96 (11)
?,(Wed) 8 Nov 2006 (W45),Arminia Bielefeld (11),2-2,1-1,Hertha BSC (11)
?,(Wed) 8 Nov 2006 (W45),VfL Bochum (11),1-3,0-2,Bayer 04 Leverkusen (11)
?,(Wed) 8 Nov 2006 (W45),Energie Cottbus (11),0-1,0-1,Eintracht Frankfurt (11)
?,(Wed) 8 Nov 2006 (W45),Bor. Mönchengladbach (11),0-2,0-2,FC Schalke 04 (11)
?,(Fri) 10 Nov 2006 (W45),Werder Bremen (12),1-3,1-1,Borussia Dortmund (12)
?,(Sat) 11 Nov 2006 (W45),Eintracht Frankfurt (12),0-3,0-1,Arminia Bielefeld (12)
?,(Sat) 11 Nov 2006 (W45),Hamburger SV (12),1-1,0-0,Bor. Mönchengladbach (12)
?,(Sat) 11 Nov 2006 (W45),Hertha BSC (12),3-3,1-2,VfL Bochum (12)
?,(Sat) 11 Nov 2006 (W45),Bayer 04 Leverkusen (12),2-3,0-1,Bayern München (12)
?,(Sat) 11 Nov 2006 (W45),FC Schalke 04 (12),4-0,3-0,1. FSV Mainz 05 (12)
?,(Sat) 11 Nov 2006 (W45),VfL Wolfsburg (12),0-0,0-0,Energie Cottbus (12)
?,(Sun) 12 Nov 2006 (W45),Alemannia Aachen (12),1-1,0-1,1. FC Nürnberg (12)
?,(Sun) 12 Nov 2006 (W45),Hannover 96 (12),1-2,1-0,VfB Stuttgart (12)
?,(Fri) 17 Nov 2006 (W46),VfL Bochum (13),4-3,3-2,Eintracht Frankfurt (13)
?,(Sat) 18 Nov 2006 (W46),Alemannia Aachen (13),2-2,1-0,Werder Bremen (13)
?,(Sat) 18 Nov 2006 (W46),Bayern München (13),2-1,2-1,VfB Stuttgart (13)
?,(Sat) 18 Nov 2006 (W46),Energie Cottbus (13),2-4,2-2,FC Schalke 04 (13)
?,(Sat) 18 Nov 2006 (W46),Borussia Dortmund (13),1-2,1-2,Hertha BSC (13)
?,(Sat) 18 Nov 2006 (W46),1. FSV Mainz 05 (13),0-0,0-0,Hamburger SV (13)
?,(Sat) 18 Nov 2006 (W46),1. FC Nürnberg (13),3-2,1-1,Bayer 04 Leverkusen (13)
?,(Sun) 19 Nov 2006 (W46),Arminia Bielefeld (13),0-0,0-0,VfL Wolfsburg (13)
?,(Sun) 19 Nov 2006 (W46),Bor. Mönchengladbach (13),0-1,0-0,Hannover 96 (13)
?,(Fri) 24 Nov 2006 (W47),FC Schalke 04 (14),2-1,2-0,VfL Bochum (14)
?,(Sat) 25 Nov 2006 (W47),Eintracht Frankfurt (14),1-1,1-0,Borussia Dortmund (14)
?,(Sat) 25 Nov 2006 (W47),Hamburger SV (14),1-2,1-0,Bayern München (14)
?,(Sat) 25 Nov 2006 (W47),Hannover 96 (14),1-0,0-0,1. FSV Mainz 05 (14)
?,(Sat) 25 Nov 2006 (W47),Hertha BSC (14),2-1,1-1,Alemannia Aachen (14)
?,(Sat) 25 Nov 2006 (W47),Werder Bremen (14),3-0,2-0,Arminia Bielefeld (14)
?,(Sat) 25 Nov 2006 (W47),VfL Wolfsburg (14),1-1,0-1,1. FC Nürnberg (14)
?,(Sun) 26 Nov 2006 (W47),Bayer 04 Leverkusen (14),3-1,1-0,Energie Cottbus (14)
?,(Sun) 26 Nov 2006 (W47),VfB Stuttgart (14),1-0,1-0,Bor. Mönchengladbach (14)
?,(Fri) 1 Dec 2006 (W48),1. FSV Mainz 05 (15),0-0,0-0,VfB Stuttgart (15)
?,(Sat) 2 Dec 2006 (W48),Bayern München (15),1-1,1-1,Bor. Mönchengladbach (15)
?,(Sat) 2 Dec 2006 (W48),Arminia Bielefeld (15),0-0,0-0,Bayer 04 Leverkusen (15)
?,(Sat) 2 Dec 2006 (W48),VfL Bochum (15),2-1,1-1,Hamburger SV (15)
?,(Sat) 2 Dec 2006 (W48),Energie Cottbus (15),0-1,0-1,Hannover 96 (15)
?,(Sat) 2 Dec 2006 (W48),Borussia Dortmund (15),1-0,0-0,VfL Wolfsburg (15)
?,(Sat) 2 Dec 2006 (W48),Werder Bremen (15),3-1,3-1,Hertha BSC (15)
?,(Sun) 3 Dec 2006 (W48),Alemannia Aachen (15),2-3,1-2,Eintracht Frankfurt (15)
?,(Sun) 3 Dec 2006 (W48),1. FC Nürnberg (15),0-0,0-0,FC Schalke 04 (15)
?,(Fri) 8 Dec 2006 (W49),Bayer 04 Leverkusen (16),2-1,1-1,Hertha BSC (16)
?,(Sat) 9 Dec 2006 (W49),Bayern München (16),2-1,1-0,Energie Cottbus (16)
?,(Sat) 9 Dec 2006 (W49),Eintracht Frankfurt (16),2-6,1-3,Werder Bremen (16)
?,(Sat) 9 Dec 2006 (W49),Hamburger SV (16),0-0,0-0,1. FC Nürnberg (16)
?,(Sat) 9 Dec 2006 (W49),Hannover 96 (16),1-1,0-0,Arminia Bielefeld (16)
?,(Sat) 9 Dec 2006 (W49),Bor. Mönchengladbach (16),1-1,1-0,1. FSV Mainz 05 (16)
?,(Sat) 9 Dec 2006 (W49),VfB Stuttgart (16),1-0,0-0,VfL Bochum (16)
?,(Sun) 10 Dec 2006 (W49),FC Schalke 04 (16),3-1,2-0,Borussia Dortmund (16)
?,(Sun) 10 Dec 2006 (W49),VfL Wolfsburg (16),1-2,0-0,Alemannia Aachen (16)
?,(Fri) 15 Dec 2006 (W50),VfL Bochum (17),2-0,1-0,Bor. Mönchengladbach (17)
?,(Sat) 16 Dec 2006 (W50),Alemannia Aachen (17),3-3,0-1,Hamburger SV (17)
?,(Sat) 16 Dec 2006 (W50),Arminia Bielefeld (17),0-1,0-0,FC Schalke 04 (17)
?,(Sat) 16 Dec 2006 (W50),Energie Cottbus (17),0-0,0-0,VfB Stuttgart (17)
?,(Sat) 16 Dec 2006 (W50),Hertha BSC (17),1-0,0-0,Eintracht Frankfurt (17)
?,(Sat) 16 Dec 2006 (W50),1. FSV Mainz 05 (17),0-4,0-2,Bayern München (17)
?,(Sat) 16 Dec 2006 (W50),1. FC Nürnberg (17),3-1,1-1,Hannover 96 (17)
?,(Sun) 17 Dec 2006 (W50),Borussia Dortmund (17),1-2,0-1,Bayer 04 Leverkusen (17)
?,(Sun) 17 Dec 2006 (W50),Werder Bremen (17),2-1,1-1,VfL Wolfsburg (17)
?,(Fri) 26 Jan 2007 (W4),Borussia Dortmund (18),3-2,1-2,Bayern München (18)
?,(Sat) 27 Jan 2007 (W4),Arminia Bielefeld (18),1-1,0-1,Hamburger SV (18)
?,(Sat) 27 Jan 2007 (W4),VfL Bochum (18),0-1,0-1,1. FSV Mainz 05 (18)
?,(Sat) 27 Jan 2007 (W4),Energie Cottbus (18),3-1,2-0,Bor. Mönchengladbach (18)
?,(Sat) 27 Jan 2007 (W4),Eintracht Frankfurt (18),1-3,0-1,FC Schalke 04 (18)
?,(Sat) 27 Jan 2007 (W4),Hertha BSC (18),2-1,1-1,VfL Wolfsburg (18)
?,(Sat) 27 Jan 2007 (W4),1. FC Nürnberg (18),4-1,1-1,VfB Stuttgart (18)
?,(Sun) 28 Jan 2007 (W4),Alemannia Aachen (18),2-3,2-1,Bayer 04 Leverkusen (18)
?,(Sun) 28 Jan 2007 (W4),Werder Bremen (18),3-0,1-0,Hannover 96 (18)
?,(Tue) 30 Jan 2007 (W5),Bayern München (19),0-0,0-0,VfL Bochum (19)
?,(Tue) 30 Jan 2007 (W5),Bor. Mönchengladbach (19),0-0,0-0,1. FC Nürnberg (19)
?,(Tue) 30 Jan 2007 (W5),VfB Stuttgart (19),3-2,1-1,Arminia Bielefeld (19)
?,(Tue) 30 Jan 2007 (W5),VfL Wolfsburg (19),2-2,1-0,Eintracht Frankfurt (19)
?,(Wed) 31 Jan 2007 (W5),Hamburger SV (19),1-1,1-1,Energie Cottbus (19)
?,(Wed) 31 Jan 2007 (W5),Hannover 96 (19),5-0,3-0,Hertha BSC (19)
?,(Wed) 31 Jan 2007 (W5),Bayer 04 Leverkusen (19),0-2,0-1,Werder Bremen (19)
?,(Wed) 31 Jan 2007 (W5),1. FSV Mainz 05 (19),1-0,0-0,Borussia Dortmund (19)
?,(Wed) 31 Jan 2007 (W5),FC Schalke 04 (19),2-1,1-1,Alemannia Aachen (19)
?,(Fri) 2 Feb 2007 (W5),1. FC Nürnberg (20),3-0,1-0,Bayern München (20)
?,(Sat) 3 Feb 2007 (W5),Alemannia Aachen (20),1-4,1-3,Hannover 96 (20)
?,(Sat) 3 Feb 2007 (W5),Arminia Bielefeld (20),0-2,0-1,Bor. Mönchengladbach (20)
?,(Sat) 3 Feb 2007 (W5),Energie Cottbus (20),0-0,0-0,VfL Bochum (20)
?,(Sat) 3 Feb 2007 (W5),Eintracht Frankfurt (20),0-0,0-0,1. FSV Mainz 05 (20)
?,(Sat) 3 Feb 2007 (W5),Hertha BSC (20),2-1,0-1,Hamburger SV (20)
?,(Sat) 3 Feb 2007 (W5),VfL Wolfsburg (20),3-2,2-1,Bayer 04 Leverkusen (20)
?,(Sun) 4 Feb 2007 (W5),Borussia Dortmund (20),0-1,0-0,VfB Stuttgart (20)
?,(Sun) 4 Feb 2007 (W5),Werder Bremen (20),0-2,0-1,FC Schalke 04 (20)
?,(Fri) 9 Feb 2007 (W6),Hannover 96 (21),2-2,1-2,VfL Wolfsburg (21)
?,(Sat) 10 Feb 2007 (W6),Hamburger SV (21),3-0,2-0,Borussia Dortmund (21)
?,(Sat) 10 Feb 2007 (W6),Bayer 04 Leverkusen (21),2-2,1-1,Eintracht Frankfurt (21)
?,(Sat) 10 Feb 2007 (W6),1. FSV Mainz 05 (21),4-1,3-1,Energie Cottbus (21)
?,(Sat) 10 Feb 2007 (W6),Bor. Mönchengladbach (21),0-0,0-0,Alemannia Aachen (21)
?,(Sat) 10 Feb 2007 (W6),FC Schalke 04 (21),2-0,0-0,Hertha BSC (21)
?,(Sat) 10 Feb 2007 (W6),VfB Stuttgart (21),4-1,3-1,Werder Bremen (21)
?,(Sun) 11 Feb 2007 (W6),Bayern München (21),1-0,1-0,Arminia Bielefeld (21)
?,(Sun) 11 Feb 2007 (W6),VfL Bochum (21),0-2,0-0,1. FC Nürnberg (21)
?,(Fri) 16 Feb 2007 (W7),Eintracht Frankfurt (22),0-4,0-3,VfB Stuttgart (22)
?,(Sat) 17 Feb 2007 (W7),Alemannia Aachen (22),1-0,1-0,Bayern München (22)
?,(Sat) 17 Feb 2007 (W7),Borussia Dortmund (22),1-0,1-0,Bor. Mönchengladbach (22)
?,(Sat) 17 Feb 2007 (W7),Hertha BSC (22),1-2,1-0,1. FSV Mainz 05 (22)
?,(Sat) 17 Feb 2007 (W7),Bayer 04 Leverkusen (22),0-1,0-1,Hannover 96 (22)
?,(Sat) 17 Feb 2007 (W7),Werder Bremen (22),0-2,0-1,Hamburger SV (22)
?,(Sat) 17 Feb 2007 (W7),VfL Wolfsburg (22),2-2,0-2,FC Schalke 04 (22)
?,(Sun) 18 Feb 2007 (W7),Arminia Bielefeld (22),1-3,1-2,VfL Bochum (22)
?,(Sun) 18 Feb 2007 (W7),1. FC Nürnberg (22),1-0,0-0,Energie Cottbus (22)
?,(Fri) 23 Feb 2007 (W8),VfB Stuttgart (23),0-0,0-0,Hertha BSC (23)
?,(Sat) 24 Feb 2007 (W8),Bayern München (23),2-1,1-0,VfL Wolfsburg (23)
?,(Sat) 24 Feb 2007 (W8),VfL Bochum (23),2-2,1-1,Alemannia Aachen (23)
?,(Sat) 24 Feb 2007 (W8),Energie Cottbus (23),2-1,0-1,Arminia Bielefeld (23)
?,(Sat) 24 Feb 2007 (W8),Hamburger SV (23),3-1,1-0,Eintracht Frankfurt (23)
?,(Sat) 24 Feb 2007 (W8),Hannover 96 (23),4-2,0-0,Borussia Dortmund (23)
?,(Sat) 24 Feb 2007 (W8),1. FSV Mainz 05 (23),2-1,2-0,1. FC Nürnberg (23)
?,(Sun) 25 Feb 2007 (W8),Bor. Mönchengladbach (23),2-2,1-1,Werder Bremen (23)
?,(Sun) 25 Feb 2007 (W8),FC Schalke 04 (23),0-1,0-0,Bayer 04 Leverkusen (23)
?,(Fri) 2 Mar 2007 (W9),FC Schalke 04 (24),0-2,0-0,Hamburger SV (24)
?,(Sat) 3 Mar 2007 (W9),Arminia Bielefeld (24),3-2,1-1,1. FC Nürnberg (24)
?,(Sat) 3 Mar 2007 (W9),Eintracht Frankfurt (24),2-0,0-0,Hannover 96 (24)
?,(Sat) 3 Mar 2007 (W9),Hertha BSC (24),2-3,0-2,Bayern München (24)
?,(Sat) 3 Mar 2007 (W9),Bayer 04 Leverkusen (24),3-1,2-0,VfB Stuttgart (24)
?,(Sat) 3 Mar 2007 (W9),Werder Bremen (24),3-0,1-0,VfL Bochum (24)
?,(Sat) 3 Mar 2007 (W9),VfL Wolfsburg (24),1-0,0-0,Bor. Mönchengladbach (24)
?,(Sun) 4 Mar 2007 (W9),Alemannia Aachen (24),2-1,0-1,1. FSV Mainz 05 (24)
?,(Sun) 4 Mar 2007 (W9),Borussia Dortmund (24),2-3,1-1,Energie Cottbus (24)
?,(Fri) 9 Mar 2007 (W10),1. FC Nürnberg (25),2-2,0-1,Eintracht Frankfurt (25)
?,(Sat) 10 Mar 2007 (W10),VfL Bochum (25),2-0,0-0,Borussia Dortmund (25)
?,(Sat) 10 Mar 2007 (W10),Energie Cottbus (25),0-2,0-1,Alemannia Aachen (25)
?,(Sat) 10 Mar 2007 (W10),Hannover 96 (25),1-1,1-1,FC Schalke 04 (25)
?,(Sat) 10 Mar 2007 (W10),1. FSV Mainz 05 (25),1-0,0-0,Arminia Bielefeld (25)
?,(Sat) 10 Mar 2007 (W10),Bor. Mönchengladbach (25),3-1,1-0,Hertha BSC (25)
?,(Sat) 10 Mar 2007 (W10),VfB Stuttgart (25),0-0,0-0,VfL Wolfsburg (25)
?,(Sun) 11 Mar 2007 (W10),Bayern München (25),1-1,1-0,Werder Bremen (25)
?,(Sun) 11 Mar 2007 (W10),Hamburger SV (25),0-0,0-0,Bayer 04 Leverkusen (25)
?,(Fri) 16 Mar 2007 (W11),Hertha BSC (26),0-1,0-0,Energie Cottbus (26)
?,(Sat) 17 Mar 2007 (W11),Alemannia Aachen (26),2-0,0-0,Arminia Bielefeld (26)
?,(Sat) 17 Mar 2007 (W11),Borussia Dortmund (26),0-0,0-0,1. FC Nürnberg (26)
?,(Sat) 17 Mar 2007 (W11),Eintracht Frankfurt (26),1-0,0-0,Bayern München (26)
?,(Sat) 17 Mar 2007 (W11),Hannover 96 (26),0-0,0-0,Hamburger SV (26)
?,(Sat) 17 Mar 2007 (W11),FC Schalke 04 (26),1-0,0-0,VfB Stuttgart (26)
?,(Sat) 17 Mar 2007 (W11),VfL Wolfsburg (26),3-1,2-0,VfL Bochum (26)
?,(Sun) 18 Mar 2007 (W11),Bayer 04 Leverkusen (26),1-0,0-0,Bor. Mönchengladbach (26)
?,(Sun) 18 Mar 2007 (W11),Werder Bremen (26),2-0,0-0,1. FSV Mainz 05 (26)
?,(Fri) 30 Mar 2007 (W13),Arminia Bielefeld (27),1-0,0-0,Borussia Dortmund (27)
?,(Sat) 31 Mar 2007 (W13),Bayern München (27),2-0,1-0,FC Schalke 04 (27)
?,(Sat) 31 Mar 2007 (W13),Energie Cottbus (27),0-0,0-0,Werder Bremen (27)
?,(Sat) 31 Mar 2007 (W13),1. FSV Mainz 05 (27),1-3,0-2,Bayer 04 Leverkusen (27)
?,(Sat) 31 Mar 2007 (W13),Bor. Mönchengladbach (27),1-1,0-1,Eintracht Frankfurt (27)
?,(Sat) 31 Mar 2007 (W13),1. FC Nürnberg (27),2-1,1-0,Hertha BSC (27)
?,(Sat) 31 Mar 2007 (W13),VfB Stuttgart (27),3-1,1-0,Alemannia Aachen (27)
?,(Sun) 1 Apr 2007 (W13),VfL Bochum (27),2-0,2-0,Hannover 96 (27)
?,(Sun) 1 Apr 2007 (W13),Hamburger SV (27),1-0,0-0,VfL Wolfsburg (27)
?,(Sat) 7 Apr 2007 (W14),Alemannia Aachen (28),1-4,0-1,Borussia Dortmund (28)
?,(Sat) 7 Apr 2007 (W14),Eintracht Frankfurt (28),1-3,0-0,Energie Cottbus (28)
?,(Sat) 7 Apr 2007 (W14),Hamburger SV (28),2-4,0-3,VfB Stuttgart (28)
?,(Sat) 7 Apr 2007 (W14),Hannover 96 (28),1-2,1-0,Bayern München (28)
?,(Sat) 7 Apr 2007 (W14),Hertha BSC (28),1-1,0-1,Arminia Bielefeld (28)
?,(Sat) 7 Apr 2007 (W14),FC Schalke 04 (28),2-0,0-0,Bor. Mönchengladbach (28)
?,(Sat) 7 Apr 2007 (W14),VfL Wolfsburg (28),3-2,1-1,1. FSV Mainz 05 (28)
?,(Sun) 8 Apr 2007 (W14),Bayer 04 Leverkusen (28),1-4,0-3,VfL Bochum (28)
?,(Sun) 8 Apr 2007 (W14),Werder Bremen (28),1-0,0-0,1. FC Nürnberg (28)
?,(Fri) 13 Apr 2007 (W15),Bor. Mönchengladbach (29),0-1,0-0,Hamburger SV (29)
?,(Sat) 14 Apr 2007 (W15),Arminia Bielefeld (29),2-4,1-2,Eintracht Frankfurt (29)
?,(Sat) 14 Apr 2007 (W15),VfL Bochum (29),1-3,1-0,Hertha BSC (29)
?,(Sat) 14 Apr 2007 (W15),Energie Cottbus (29),3-2,1-0,VfL Wolfsburg (29)
?,(Sat) 14 Apr 2007 (W15),1. FSV Mainz 05 (29),0-3,0-2,FC Schalke 04 (29)
?,(Sat) 14 Apr 2007 (W15),1. FC Nürnberg (29),1-0,1-0,Alemannia Aachen (29)
?,(Sat) 14 Apr 2007 (W15),VfB Stuttgart (29),2-1,1-0,Hannover 96 (29)
?,(Sun) 15 Apr 2007 (W15),Bayern München (29),2-1,1-0,Bayer 04 Leverkusen (29)
?,(Sun) 15 Apr 2007 (W15),Borussia Dortmund (29),0-2,0-2,Werder Bremen (29)
?,(Fri) 20 Apr 2007 (W16),Werder Bremen (30),3-1,0-1,Alemannia Aachen (30)
?,(Sat) 21 Apr 2007 (W16),Eintracht Frankfurt (30),0-3,0-1,VfL Bochum (30)
?,(Sat) 21 Apr 2007 (W16),Hertha BSC (30),0-1,0-0,Borussia Dortmund (30)
?,(Sat) 21 Apr 2007 (W16),Bayer 04 Leverkusen (30),2-0,1-0,1. FC Nürnberg (30)
?,(Sat) 21 Apr 2007 (W16),FC Schalke 04 (30),2-0,0-0,Energie Cottbus (30)
?,(Sat) 21 Apr 2007 (W16),VfB Stuttgart (30),2-0,2-0,Bayern München (30)
?,(Sat) 21 Apr 2007 (W16),VfL Wolfsburg (30),2-3,1-1,Arminia Bielefeld (30)
?,(Sun) 22 Apr 2007 (W16),Hamburger SV (30),2-2,1-1,1. FSV Mainz 05 (30)
?,(Sun) 22 Apr 2007 (W16),Hannover 96 (30),1-0,1-0,Bor. Mönchengladbach (30)
?,(Fri) 27 Apr 2007 (W17),VfL Bochum (31),2-1,2-1,FC Schalke 04 (31)
?,(Sat) 28 Apr 2007 (W17),Alemannia Aachen (31),0-4,0-1,Hertha BSC (31)
?,(Sat) 28 Apr 2007 (W17),Bayern München (31),1-2,1-0,Hamburger SV (31)
?,(Sat) 28 Apr 2007 (W17),Borussia Dortmund (31),2-0,1-0,Eintracht Frankfurt (31)
?,(Sat) 28 Apr 2007 (W17),1. FSV Mainz 05 (31),1-2,0-1,Hannover 96 (31)
?,(Sat) 28 Apr 2007 (W17),Bor. Mönchengladbach (31),0-1,0-0,VfB Stuttgart (31)
?,(Sat) 28 Apr 2007 (W17),1. FC Nürnberg (31),1-1,1-1,VfL Wolfsburg (31)
?,(Sun) 29 Apr 2007 (W17),Arminia Bielefeld (31),3-2,1-0,Werder Bremen (31)
?,(Sun) 29 Apr 2007 (W17),Energie Cottbus (31),2-1,1-1,Bayer 04 Leverkusen (31)
?,(Fri) 4 May 2007 (W18),Hannover 96 (32),2-0,1-0,Energie Cottbus (32)
?,(Sat) 5 May 2007 (W18),Eintracht Frankfurt (32),4-0,2-0,Alemannia Aachen (32)
?,(Sat) 5 May 2007 (W18),Hamburger SV (32),0-3,0-0,VfL Bochum (32)
?,(Sat) 5 May 2007 (W18),Bor. Mönchengladbach (32),1-1,0-1,Bayern München (32)
?,(Sat) 5 May 2007 (W18),FC Schalke 04 (32),1-0,0-0,1. FC Nürnberg (32)
?,(Sat) 5 May 2007 (W18),VfB Stuttgart (32),2-0,1-0,1. FSV Mainz 05 (32)
?,(Sat) 5 May 2007 (W18),VfL Wolfsburg (32),0-2,0-1,Borussia Dortmund (32)
?,(Sun) 6 May 2007 (W18),Hertha BSC (32),1-4,0-1,Werder Bremen (32)
?,(Sun) 6 May 2007 (W18),Bayer 04 Leverkusen (32),1-2,1-1,Arminia Bielefeld (32)
?,(Sat) 12 May 2007 (W19),Alemannia Aachen (33),2-2,0-0,VfL Wolfsburg (33)
?,(Sat) 12 May 2007 (W19),Arminia Bielefeld (33),3-1,2-1,Hannover 96 (33)
?,(Sat) 12 May 2007 (W19),VfL Bochum (33),2-3,2-1,VfB Stuttgart (33)
?,(Sat) 12 May 2007 (W19),Energie Cottbus (33),0-3,0-2,Bayern München (33)
?,(Sat) 12 May 2007 (W19),Borussia Dortmund (33),2-0,1-0,FC Schalke 04 (33)
?,(Sat) 12 May 2007 (W19),Hertha BSC (33),2-3,1-2,Bayer 04 Leverkusen (33)
?,(Sat) 12 May 2007 (W19),1. FSV Mainz 05 (33),3-0,2-0,Bor. Mönchengladbach (33)
?,(Sat) 12 May 2007 (W19),1. FC Nürnberg (33),0-2,0-2,Hamburger SV (33)
?,(Sat) 12 May 2007 (W19),Werder Bremen (33),1-2,1-1,Eintracht Frankfurt (33)
?,(Sat) 19 May 2007 (W20),Bayern München (34),5-2,3-0,1. FSV Mainz 05 (34)
?,(Sat) 19 May 2007 (W20),Eintracht Frankfurt (34),1-2,0-0,Hertha BSC (34)
?,(Sat) 19 May 2007 (W20),Hamburger SV (34),4-0,2-0,Alemannia Aachen (34)
?,(Sat) 19 May 2007 (W20),Hannover 96 (34),0-3,0-0,1. FC Nürnberg (34)
?,(Sat) 19 May 2007 (W20),Bayer 04 Leverkusen (34),2-1,1-0,Borussia Dortmund (34)
?,(Sat) 19 May 2007 (W20),Bor. Mönchengladbach (34),0-2,0-1,VfL Bochum (34)
?,(Sat) 19 May 2007 (W20),FC Schalke 04 (34),2-1,2-0,Arminia Bielefeld (34)
?,(Sat) 19 May 2007 (W20),VfB Stuttgart (34),2-1,1-1,Energie Cottbus (34)
?,(Sat) 19 May 2007 (W20),VfL Wolfsburg (34),0-2,0-0,Werder Bremen (34)
