Round,Date,Team 1,FT,HT,Team 2
?,(Fri) 5 Aug 2005 (W31),Bayern München (1),3-0,1-0,Bor. Mönchengladbach (1)
?,(Sat) 6 Aug 2005 (W31),MSV Duisburg (1),1-1,1-1,VfB Stuttgart (1)
?,(Sat) 6 Aug 2005 (W31),1. FC Köln (1),1-0,0-0,1. FSV Mainz 05 (1)
?,(Sat) 6 Aug 2005 (W31),Hamburger SV (1),3-0,2-0,1. FC Nürnberg (1)
?,(Sat) 6 Aug 2005 (W31),Hannover 96 (1),2-2,0-0,Hertha BSC (1)
?,(Sat) 6 Aug 2005 (W31),Werder Bremen (1),5-2,3-2,Arminia Bielefeld (1)
?,(Sat) 6 Aug 2005 (W31),VfL Wolfsburg (1),2-2,1-0,Borussia Dortmund (1)
?,(Sun) 7 Aug 2005 (W31),Eintracht Frankfurt (1),1-4,1-1,Bayer 04 Leverkusen (1)
?,(Sun) 7 Aug 2005 (W31),FC Schalke 04 (1),2-1,0-1,1. FC Kaiserslautern (1)
?,(Sat) 13 Aug 2005 (W32),Arminia Bielefeld (2),0-2,0-0,Hamburger SV (2)
?,(Sat) 13 Aug 2005 (W32),Borussia Dortmund (2),1-2,1-1,FC Schalke 04 (2)
?,(Sat) 13 Aug 2005 (W32),Hertha BSC (2),2-0,0-0,Eintracht Frankfurt (2)
?,(Sat) 13 Aug 2005 (W32),1. FC Kaiserslautern (2),5-3,2-1,MSV Duisburg (2)
?,(Sat) 13 Aug 2005 (W32),Bayer 04 Leverkusen (2),2-5,1-3,Bayern München (2)
?,(Sat) 13 Aug 2005 (W32),Bor. Mönchengladbach (2),1-1,0-1,VfL Wolfsburg (2)
?,(Sat) 13 Aug 2005 (W32),1. FC Nürnberg (2),1-1,0-1,Hannover 96 (2)
?,(Sun) 14 Aug 2005 (W32),1. FSV Mainz 05 (2),0-2,0-1,Werder Bremen (2)
?,(Sun) 14 Aug 2005 (W32),VfB Stuttgart (2),2-3,0-1,1. FC Köln (2)
?,(Sat) 27 Aug 2005 (W34),Bayern München (3),3-0,0-0,Hertha BSC (3)
?,(Sat) 27 Aug 2005 (W34),Eintracht Frankfurt (3),1-0,0-0,1. FC Nürnberg (3)
?,(Sat) 27 Aug 2005 (W34),1. FC Köln (3),2-3,0-1,1. FC Kaiserslautern (3)
?,(Sat) 27 Aug 2005 (W34),Hamburger SV (3),1-1,1-1,Hannover 96 (3)
?,(Sat) 27 Aug 2005 (W34),FC Schalke 04 (3),1-1,0-1,Bor. Mönchengladbach (3)
?,(Sat) 27 Aug 2005 (W34),Werder Bremen (3),1-1,1-0,VfB Stuttgart (3)
?,(Sat) 27 Aug 2005 (W34),VfL Wolfsburg (3),2-1,1-1,Bayer 04 Leverkusen (3)
?,(Sun) 28 Aug 2005 (W34),Arminia Bielefeld (3),2-0,2-0,1. FSV Mainz 05 (3)
?,(Sun) 28 Aug 2005 (W34),MSV Duisburg (3),1-1,0-0,Borussia Dortmund (3)
?,(Sat) 10 Sep 2005 (W36),Hannover 96 (4),2-0,1-0,Eintracht Frankfurt (4)
?,(Sat) 10 Sep 2005 (W36),1. FC Kaiserslautern (4),1-5,0-3,Werder Bremen (4)
?,(Sat) 10 Sep 2005 (W36),Bayer 04 Leverkusen (4),1-1,0-0,FC Schalke 04 (4)
?,(Sat) 10 Sep 2005 (W36),1. FSV Mainz 05 (4),1-3,0-1,Hamburger SV (4)
?,(Sat) 10 Sep 2005 (W36),Bor. Mönchengladbach (4),2-1,1-1,MSV Duisburg (4)
?,(Sat) 10 Sep 2005 (W36),1. FC Nürnberg (4),1-2,1-1,Bayern München (4)
?,(Sat) 10 Sep 2005 (W36),VfB Stuttgart (4),1-1,0-0,Arminia Bielefeld (4)
?,(Sun) 11 Sep 2005 (W36),Borussia Dortmund (4),2-1,1-0,1. FC Köln (4)
?,(Sun) 11 Sep 2005 (W36),Hertha BSC (4),3-0,0-0,VfL Wolfsburg (4)
?,(Sat) 17 Sep 2005 (W37),Bayern München (5),1-0,1-0,Hannover 96 (5)
?,(Sat) 17 Sep 2005 (W37),Arminia Bielefeld (5),0-0,0-0,1. FC Kaiserslautern (5)
?,(Sat) 17 Sep 2005 (W37),1. FC Köln (5),2-1,2-0,Bor. Mönchengladbach (5)
?,(Sat) 17 Sep 2005 (W37),Hamburger SV (5),1-1,0-0,Eintracht Frankfurt (5)
?,(Sat) 17 Sep 2005 (W37),1. FSV Mainz 05 (5),1-2,0-0,VfB Stuttgart (5)
?,(Sat) 17 Sep 2005 (W37),Werder Bremen (5),3-2,1-1,Borussia Dortmund (5)
?,(Sat) 17 Sep 2005 (W37),VfL Wolfsburg (5),1-1,1-0,1. FC Nürnberg (5)
?,(Sun) 18 Sep 2005 (W37),MSV Duisburg (5),1-3,1-2,Bayer 04 Leverkusen (5)
?,(Sun) 18 Sep 2005 (W37),FC Schalke 04 (5),0-0,0-0,Hertha BSC (5)
?,(Tue) 20 Sep 2005 (W38),Borussia Dortmund (6),2-0,1-0,Arminia Bielefeld (6)
?,(Tue) 20 Sep 2005 (W38),Eintracht Frankfurt (6),0-1,0-0,Bayern München (6)
?,(Tue) 20 Sep 2005 (W38),Hannover 96 (6),2-4,1-4,VfL Wolfsburg (6)
?,(Tue) 20 Sep 2005 (W38),Bor. Mönchengladbach (6),2-1,0-1,Werder Bremen (6)
?,(Wed) 21 Sep 2005 (W38),Hertha BSC (6),3-2,1-1,MSV Duisburg (6)
?,(Wed) 21 Sep 2005 (W38),1. FC Kaiserslautern (6),0-2,0-1,1. FSV Mainz 05 (6)
?,(Wed) 21 Sep 2005 (W38),Bayer 04 Leverkusen (6),2-1,1-0,1. FC Köln (6)
?,(Wed) 21 Sep 2005 (W38),1. FC Nürnberg (6),1-1,1-0,FC Schalke 04 (6)
?,(Wed) 21 Sep 2005 (W38),VfB Stuttgart (6),1-2,0-1,Hamburger SV (6)
?,(Sat) 24 Sep 2005 (W38),Arminia Bielefeld (7),0-2,0-1,Bor. Mönchengladbach (7)
?,(Sat) 24 Sep 2005 (W38),MSV Duisburg (7),1-0,1-0,1. FC Nürnberg (7)
?,(Sat) 24 Sep 2005 (W38),Hamburger SV (7),2-0,1-0,Bayern München (7)
?,(Sat) 24 Sep 2005 (W38),1. FSV Mainz 05 (7),1-1,0-0,Borussia Dortmund (7)
?,(Sat) 24 Sep 2005 (W38),FC Schalke 04 (7),2-0,0-0,Hannover 96 (7)
?,(Sat) 24 Sep 2005 (W38),Werder Bremen (7),2-1,0-0,Bayer 04 Leverkusen (7)
?,(Sat) 24 Sep 2005 (W38),VfL Wolfsburg (7),1-0,1-0,Eintracht Frankfurt (7)
?,(Sun) 25 Sep 2005 (W38),1. FC Köln (7),0-1,0-0,Hertha BSC (7)
?,(Sun) 25 Sep 2005 (W38),VfB Stuttgart (7),1-0,1-0,1. FC Kaiserslautern (7)
?,(Sat) 1 Oct 2005 (W39),Bayern München (8),2-0,0-0,VfL Wolfsburg (8)
?,(Sat) 1 Oct 2005 (W39),Eintracht Frankfurt (8),0-1,0-0,FC Schalke 04 (8)
?,(Sat) 1 Oct 2005 (W39),Hannover 96 (8),1-1,1-1,MSV Duisburg (8)
?,(Sat) 1 Oct 2005 (W39),Hertha BSC (8),1-2,0-0,Werder Bremen (8)
?,(Sat) 1 Oct 2005 (W39),Bayer 04 Leverkusen (8),1-1,0-0,Arminia Bielefeld (8)
?,(Sat) 1 Oct 2005 (W39),Bor. Mönchengladbach (8),1-0,1-0,1. FSV Mainz 05 (8)
?,(Sat) 1 Oct 2005 (W39),1. FC Nürnberg (8),2-1,1-0,1. FC Köln (8)
?,(Sun) 2 Oct 2005 (W39),Borussia Dortmund (8),0-0,0-0,VfB Stuttgart (8)
?,(Sun) 2 Oct 2005 (W39),1. FC Kaiserslautern (8),0-3,0-1,Hamburger SV (8)
?,(Sat) 15 Oct 2005 (W41),Arminia Bielefeld (9),3-0,2-0,Hertha BSC (9)
?,(Sun) 16 Oct 2005 (W41),MSV Duisburg (9),0-1,0-1,Eintracht Frankfurt (9)
?,(Sun) 16 Oct 2005 (W41),1. FC Köln (9),1-4,0-0,Hannover 96 (9)
?,(Sat) 15 Oct 2005 (W41),Hamburger SV (9),0-1,0-1,VfL Wolfsburg (9)
?,(Sat) 15 Oct 2005 (W41),1. FC Kaiserslautern (9),3-3,1-3,Borussia Dortmund (9)
?,(Sat) 15 Oct 2005 (W41),1. FSV Mainz 05 (9),3-1,0-0,Bayer 04 Leverkusen (9)
?,(Sat) 15 Oct 2005 (W41),FC Schalke 04 (9),1-1,0-1,Bayern München (9)
?,(Sat) 15 Oct 2005 (W41),VfB Stuttgart (9),1-1,0-1,Bor. Mönchengladbach (9)
?,(Sat) 15 Oct 2005 (W41),Werder Bremen (9),6-2,3-1,1. FC Nürnberg (9)
?,(Sat) 22 Oct 2005 (W42),Bayern München (10),4-0,2-0,MSV Duisburg (10)
?,(Sat) 22 Oct 2005 (W42),Eintracht Frankfurt (10),6-3,4-1,1. FC Köln (10)
?,(Sat) 22 Oct 2005 (W42),Hannover 96 (10),0-0,0-0,Werder Bremen (10)
?,(Sat) 22 Oct 2005 (W42),Hertha BSC (10),3-1,2-0,1. FSV Mainz 05 (10)
?,(Sat) 22 Oct 2005 (W42),Bor. Mönchengladbach (10),4-1,3-1,1. FC Kaiserslautern (10)
?,(Sat) 22 Oct 2005 (W42),1. FC Nürnberg (10),2-3,1-1,Arminia Bielefeld (10)
?,(Sat) 22 Oct 2005 (W42),VfL Wolfsburg (10),0-0,0-0,FC Schalke 04 (10)
?,(Sun) 23 Oct 2005 (W42),Borussia Dortmund (10),1-1,0-0,Hamburger SV (10)
?,(Sun) 23 Oct 2005 (W42),Bayer 04 Leverkusen (10),1-1,0-0,VfB Stuttgart (10)
?,(Sat) 29 Oct 2005 (W43),Borussia Dortmund (11),2-1,1-0,Bor. Mönchengladbach (11)
?,(Sat) 29 Oct 2005 (W43),MSV Duisburg (11),1-0,0-0,VfL Wolfsburg (11)
?,(Sat) 29 Oct 2005 (W43),1. FC Köln (11),1-2,1-0,Bayern München (11)
?,(Sat) 29 Oct 2005 (W43),Hamburger SV (11),1-0,1-0,FC Schalke 04 (11)
?,(Sat) 29 Oct 2005 (W43),1. FC Kaiserslautern (11),2-2,1-1,Bayer 04 Leverkusen (11)
?,(Sat) 29 Oct 2005 (W43),VfB Stuttgart (11),3-3,0-1,Hertha BSC (11)
?,(Sat) 29 Oct 2005 (W43),Werder Bremen (11),4-1,1-1,Eintracht Frankfurt (11)
?,(Sun) 30 Oct 2005 (W43),Arminia Bielefeld (11),4-1,1-0,Hannover 96 (11)
?,(Sun) 30 Oct 2005 (W43),1. FSV Mainz 05 (11),4-1,3-1,1. FC Nürnberg (11)
?,(Sat) 5 Nov 2005 (W44),Bayern München (12),3-1,3-1,Werder Bremen (12)
?,(Sat) 5 Nov 2005 (W44),Eintracht Frankfurt (12),3-0,1-0,Arminia Bielefeld (12)
?,(Sat) 5 Nov 2005 (W44),Hannover 96 (12),2-2,0-1,1. FSV Mainz 05 (12)
?,(Sat) 5 Nov 2005 (W44),Hertha BSC (12),3-0,1-0,1. FC Kaiserslautern (12)
?,(Sat) 5 Nov 2005 (W44),Bayer 04 Leverkusen (12),2-1,1-0,Borussia Dortmund (12)
?,(Sat) 5 Nov 2005 (W44),FC Schalke 04 (12),3-0,1-0,MSV Duisburg (12)
?,(Sat) 5 Nov 2005 (W44),VfL Wolfsburg (12),1-1,1-0,1. FC Köln (12)
?,(Sun) 6 Nov 2005 (W44),Bor. Mönchengladbach (12),0-0,0-0,Hamburger SV (12)
?,(Sun) 6 Nov 2005 (W44),1. FC Nürnberg (12),0-1,0-1,VfB Stuttgart (12)
?,(Sat) 19 Nov 2005 (W46),Arminia Bielefeld (13),1-2,0-0,Bayern München (13)
?,(Sat) 19 Nov 2005 (W46),Borussia Dortmund (13),2-0,2-0,Hertha BSC (13)
?,(Sat) 19 Nov 2005 (W46),1. FC Köln (13),2-2,0-1,FC Schalke 04 (13)
?,(Sat) 19 Nov 2005 (W46),1. FC Kaiserslautern (13),1-3,1-1,1. FC Nürnberg (13)
?,(Sat) 19 Nov 2005 (W46),1. FSV Mainz 05 (13),2-2,0-2,Eintracht Frankfurt (13)
?,(Sat) 19 Nov 2005 (W46),Bor. Mönchengladbach (13),1-1,1-1,Bayer 04 Leverkusen (13)
?,(Sat) 19 Nov 2005 (W46),Werder Bremen (13),6-1,2-0,VfL Wolfsburg (13)
?,(Sun) 20 Nov 2005 (W46),Hamburger SV (13),2-0,2-0,MSV Duisburg (13)
?,(Sun) 20 Nov 2005 (W46),VfB Stuttgart (13),2-2,1-0,Hannover 96 (13)
?,(Sat) 26 Nov 2005 (W47),Bayern München (14),2-1,1-1,1. FSV Mainz 05 (14)
?,(Sat) 26 Nov 2005 (W47),Hannover 96 (14),5-1,2-0,1. FC Kaiserslautern (14)
?,(Sat) 26 Nov 2005 (W47),Bayer 04 Leverkusen (14),0-1,0-0,Hamburger SV (14)
?,(Sat) 26 Nov 2005 (W47),1. FC Nürnberg (14),1-2,0-2,Borussia Dortmund (14)
?,(Sat) 26 Nov 2005 (W47),FC Schalke 04 (14),2-1,1-0,Werder Bremen (14)
?,(Sat) 26 Nov 2005 (W47),VfL Wolfsburg (14),0-0,0-0,Arminia Bielefeld (14)
?,(Sun) 27 Nov 2005 (W47),Eintracht Frankfurt (14),1-1,1-0,VfB Stuttgart (14)
?,(Sun) 27 Nov 2005 (W47),Hertha BSC (14),2-2,0-2,Bor. Mönchengladbach (14)
?,(Sat) 3 Dec 2005 (W48),Arminia Bielefeld (15),0-1,0-0,FC Schalke 04 (15)
?,(Sat) 3 Dec 2005 (W48),Borussia Dortmund (15),0-2,0-1,Hannover 96 (15)
?,(Sat) 3 Dec 2005 (W48),Hamburger SV (15),3-1,1-0,1. FC Köln (14)
?,(Sat) 3 Dec 2005 (W48),Bor. Mönchengladbach (15),0-1,0-0,1. FC Nürnberg (15)
?,(Sat) 3 Dec 2005 (W48),VfB Stuttgart (15),0-0,0-0,Bayern München (15)
?,(Sat) 3 Dec 2005 (W48),Werder Bremen (15),2-0,0-0,MSV Duisburg (14)
?,(Sun) 4 Dec 2005 (W48),Bayer 04 Leverkusen (15),1-2,1-0,Hertha BSC (15)
?,(Sun) 4 Dec 2005 (W48),1. FSV Mainz 05 (15),5-1,3-1,VfL Wolfsburg (15)
?,(Tue) 6 Dec 2005 (W49),MSV Duisburg (15),1-1,1-1,1. FC Köln (15)
?,(Sat) 10 Dec 2005 (W49),MSV Duisburg (16),1-1,1-0,Arminia Bielefeld (16)
?,(Sat) 10 Dec 2005 (W49),Eintracht Frankfurt (15),2-0,1-0,Borussia Dortmund (16)
?,(Sat) 10 Dec 2005 (W49),Hamburger SV (16),2-1,2-0,Hertha BSC (16)
?,(Sat) 10 Dec 2005 (W49),Hannover 96 (16),1-1,0-0,Bor. Mönchengladbach (16)
?,(Sat) 10 Dec 2005 (W49),1. FC Nürnberg (16),1-1,1-1,Bayer 04 Leverkusen (16)
?,(Sat) 10 Dec 2005 (W49),FC Schalke 04 (16),1-0,0-0,1. FSV Mainz 05 (16)
?,(Sat) 10 Dec 2005 (W49),VfL Wolfsburg (16),0-1,0-0,VfB Stuttgart (16)
?,(Sun) 11 Dec 2005 (W49),Bayern München (16),2-1,1-1,1. FC Kaiserslautern (15)
?,(Sun) 11 Dec 2005 (W49),1. FC Köln (16),1-4,1-1,Werder Bremen (16)
?,(Wed) 14 Dec 2005 (W50),1. FC Kaiserslautern (16),1-2,0-0,Eintracht Frankfurt (16)
?,(Sat) 17 Dec 2005 (W50),Arminia Bielefeld (17),3-2,0-1,1. FC Köln (17)
?,(Sat) 17 Dec 2005 (W50),Borussia Dortmund (17),1-2,0-0,Bayern München (17)
?,(Sat) 17 Dec 2005 (W50),1. FC Kaiserslautern (17),3-2,1-0,VfL Wolfsburg (17)
?,(Sat) 17 Dec 2005 (W50),Bayer 04 Leverkusen (17),0-0,0-0,Hannover 96 (17)
?,(Sat) 17 Dec 2005 (W50),1. FSV Mainz 05 (17),1-1,1-0,MSV Duisburg (17)
?,(Sat) 17 Dec 2005 (W50),Bor. Mönchengladbach (17),4-3,1-2,Eintracht Frankfurt (17)
?,(Sat) 17 Dec 2005 (W50),VfB Stuttgart (17),2-0,0-0,FC Schalke 04 (17)
?,(Sun) 18 Dec 2005 (W50),Hertha BSC (17),1-1,0-0,1. FC Nürnberg (17)
?,(Sun) 18 Dec 2005 (W50),Werder Bremen (17),1-1,1-0,Hamburger SV (17)
?,(Fri) 27 Jan 2006 (W4),Bor. Mönchengladbach (18),1-3,0-1,Bayern München (18)
?,(Sat) 28 Jan 2006 (W4),Borussia Dortmund (18),3-2,2-1,VfL Wolfsburg (18)
?,(Sat) 28 Jan 2006 (W4),Hertha BSC (18),1-1,0-1,Hannover 96 (18)
?,(Sat) 28 Jan 2006 (W4),Bayer 04 Leverkusen (18),2-1,0-1,Eintracht Frankfurt (18)
?,(Sat) 28 Jan 2006 (W4),1. FSV Mainz 05 (18),4-2,1-1,1. FC Köln (18)
?,(Sat) 28 Jan 2006 (W4),1. FC Nürnberg (18),2-1,0-0,Hamburger SV (18)
?,(Sat) 28 Jan 2006 (W4),VfB Stuttgart (18),0-1,0-1,MSV Duisburg (18)
?,(Sun) 29 Jan 2006 (W4),Arminia Bielefeld (18),0-1,0-0,Werder Bremen (18)
?,(Sun) 29 Jan 2006 (W4),1. FC Kaiserslautern (18),0-2,0-1,FC Schalke 04 (18)
?,(Sat) 4 Feb 2006 (W5),Bayern München (19),1-0,1-0,Bayer 04 Leverkusen (19)
?,(Sat) 4 Feb 2006 (W5),MSV Duisburg (19),2-2,1-0,1. FC Kaiserslautern (19)
?,(Sat) 4 Feb 2006 (W5),Eintracht Frankfurt (19),1-1,0-1,Hertha BSC (19)
?,(Sat) 4 Feb 2006 (W5),1. FC Köln (19),0-0,0-0,VfB Stuttgart (19)
?,(Sat) 4 Feb 2006 (W5),Hamburger SV (19),2-1,0-1,Arminia Bielefeld (19)
?,(Sat) 4 Feb 2006 (W5),FC Schalke 04 (19),0-0,0-0,Borussia Dortmund (19)
?,(Sat) 4 Feb 2006 (W5),Werder Bremen (19),4-2,3-2,1. FSV Mainz 05 (19)
?,(Sun) 5 Feb 2006 (W5),Hannover 96 (19),1-1,0-0,1. FC Nürnberg (19)
?,(Sun) 5 Feb 2006 (W5),VfL Wolfsburg (19),2-0,1-0,Bor. Mönchengladbach (19)
?,(Tue) 7 Feb 2006 (W6),Borussia Dortmund (20),2-0,0-0,MSV Duisburg (20)
?,(Tue) 7 Feb 2006 (W6),Hertha BSC (20),0-0,0-0,Bayern München (20)
?,(Tue) 7 Feb 2006 (W6),1. FC Kaiserslautern (20),2-2,1-1,1. FC Köln (20)
?,(Tue) 7 Feb 2006 (W6),1. FSV Mainz 05 (20),1-1,0-0,Arminia Bielefeld (20)
?,(Wed) 8 Feb 2006 (W6),Hannover 96 (20),2-1,0-0,Hamburger SV (20)
?,(Wed) 8 Feb 2006 (W6),Bayer 04 Leverkusen (20),4-0,1-0,VfL Wolfsburg (20)
?,(Wed) 8 Feb 2006 (W6),Bor. Mönchengladbach (20),0-0,0-0,FC Schalke 04 (20)
?,(Wed) 8 Feb 2006 (W6),1. FC Nürnberg (20),0-1,0-1,Eintracht Frankfurt (20)
?,(Wed) 8 Feb 2006 (W6),VfB Stuttgart (20),0-0,0-0,Werder Bremen (20)
?,(Sat) 11 Feb 2006 (W6),Arminia Bielefeld (21),2-1,1-1,VfB Stuttgart (21)
?,(Sat) 11 Feb 2006 (W6),MSV Duisburg (21),1-1,1-1,Bor. Mönchengladbach (21)
?,(Sat) 11 Feb 2006 (W6),Eintracht Frankfurt (21),0-1,0-0,Hannover 96 (21)
?,(Sat) 11 Feb 2006 (W6),Hamburger SV (21),1-0,1-0,1. FSV Mainz 05 (21)
?,(Sat) 11 Feb 2006 (W6),FC Schalke 04 (21),7-4,3-1,Bayer 04 Leverkusen (21)
?,(Sat) 11 Feb 2006 (W6),Werder Bremen (21),0-2,0-0,1. FC Kaiserslautern (21)
?,(Sat) 11 Feb 2006 (W6),VfL Wolfsburg (21),1-1,0-1,Hertha BSC (21)
?,(Sun) 12 Feb 2006 (W6),Bayern München (21),2-1,1-1,1. FC Nürnberg (21)
?,(Sun) 12 Feb 2006 (W6),1. FC Köln (21),0-0,0-0,Borussia Dortmund (21)
?,(Sat) 18 Feb 2006 (W7),Borussia Dortmund (22),0-1,0-1,Werder Bremen (22)
?,(Sat) 18 Feb 2006 (W7),Hannover 96 (22),1-1,0-0,Bayern München (22)
?,(Sat) 18 Feb 2006 (W7),Hertha BSC (22),1-2,1-2,FC Schalke 04 (22)
?,(Sat) 18 Feb 2006 (W7),1. FC Kaiserslautern (22),2-0,1-0,Arminia Bielefeld (22)
?,(Sat) 18 Feb 2006 (W7),Bayer 04 Leverkusen (22),3-2,2-1,MSV Duisburg (22)
?,(Sat) 18 Feb 2006 (W7),Bor. Mönchengladbach (22),2-0,0-0,1. FC Köln (22)
?,(Sat) 18 Feb 2006 (W7),1. FC Nürnberg (22),1-0,1-0,VfL Wolfsburg (22)
?,(Sun) 19 Feb 2006 (W7),Eintracht Frankfurt (22),1-2,1-1,Hamburger SV (22)
?,(Sun) 19 Feb 2006 (W7),VfB Stuttgart (22),2-1,1-1,1. FSV Mainz 05 (22)
?,(Sat) 25 Feb 2006 (W8),Bayern München (23),5-2,3-1,Eintracht Frankfurt (23)
?,(Sat) 25 Feb 2006 (W8),Arminia Bielefeld (23),1-0,1-0,Borussia Dortmund (23)
?,(Sat) 25 Feb 2006 (W8),1. FC Köln (23),0-3,0-0,Bayer 04 Leverkusen (23)
?,(Sat) 25 Feb 2006 (W8),1. FSV Mainz 05 (23),0-2,0-2,1. FC Kaiserslautern (23)
?,(Sat) 25 Feb 2006 (W8),FC Schalke 04 (23),2-0,0-0,1. FC Nürnberg (23)
?,(Sat) 25 Feb 2006 (W8),Werder Bremen (23),2-0,2-0,Bor. Mönchengladbach (23)
?,(Sat) 25 Feb 2006 (W8),VfL Wolfsburg (23),2-1,1-1,Hannover 96 (23)
?,(Sun) 26 Feb 2006 (W8),MSV Duisburg (23),2-1,1-0,Hertha BSC (23)
?,(Sun) 26 Feb 2006 (W8),Hamburger SV (23),0-2,0-1,VfB Stuttgart (23)
?,(Sat) 4 Mar 2006 (W9),Bayern München (24),1-2,0-1,Hamburger SV (24)
?,(Sat) 4 Mar 2006 (W9),Borussia Dortmund (24),1-1,1-0,1. FSV Mainz 05 (24)
?,(Sat) 4 Mar 2006 (W9),Hannover 96 (24),1-2,0-2,FC Schalke 04 (24)
?,(Sat) 4 Mar 2006 (W9),Hertha BSC (24),2-4,0-0,1. FC Köln (24)
?,(Sat) 4 Mar 2006 (W9),Bayer 04 Leverkusen (24),1-1,1-1,Werder Bremen (24)
?,(Sat) 4 Mar 2006 (W9),1. FC Nürnberg (24),3-0,2-0,MSV Duisburg (24)
?,(Sun) 5 Mar 2006 (W9),Eintracht Frankfurt (24),1-1,0-0,VfL Wolfsburg (24)
?,(Sun) 5 Mar 2006 (W9),Bor. Mönchengladbach (24),2-0,1-0,Arminia Bielefeld (24)
?,(Tue) 7 Mar 2006 (W10),1. FC Kaiserslautern (24),1-1,1-0,VfB Stuttgart (24)
?,(Sat) 11 Mar 2006 (W10),Arminia Bielefeld (25),1-0,1-0,Bayer 04 Leverkusen (25)
?,(Sat) 11 Mar 2006 (W10),MSV Duisburg (25),0-0,0-0,Hannover 96 (25)
?,(Sat) 11 Mar 2006 (W10),1. FC Köln (25),3-4,1-3,1. FC Nürnberg (25)
?,(Sat) 11 Mar 2006 (W10),1. FSV Mainz 05 (25),3-0,0-0,Bor. Mönchengladbach (25)
?,(Sat) 11 Mar 2006 (W10),VfB Stuttgart (25),0-0,0-0,Borussia Dortmund (25)
?,(Sat) 11 Mar 2006 (W10),Werder Bremen (25),0-3,0-0,Hertha BSC (25)
?,(Sat) 11 Mar 2006 (W10),VfL Wolfsburg (25),0-0,0-0,Bayern München (25)
?,(Sun) 12 Mar 2006 (W10),Hamburger SV (25),3-0,0-0,1. FC Kaiserslautern (25)
?,(Sun) 12 Mar 2006 (W10),FC Schalke 04 (25),2-0,0-0,Eintracht Frankfurt (25)
?,(Sat) 18 Mar 2006 (W11),Borussia Dortmund (26),2-1,1-1,1. FC Kaiserslautern (26)
?,(Sat) 18 Mar 2006 (W11),Eintracht Frankfurt (26),5-2,3-2,MSV Duisburg (26)
?,(Sat) 18 Mar 2006 (W11),Hannover 96 (26),1-0,1-0,1. FC Köln (26)
?,(Sat) 18 Mar 2006 (W11),Bayer 04 Leverkusen (26),1-2,0-1,1. FSV Mainz 05 (26)
?,(Sat) 18 Mar 2006 (W11),Bor. Mönchengladbach (26),1-1,0-0,VfB Stuttgart (26)
?,(Sat) 18 Mar 2006 (W11),1. FC Nürnberg (26),3-1,2-0,Werder Bremen (26)
?,(Sat) 18 Mar 2006 (W11),VfL Wolfsburg (26),0-1,0-1,Hamburger SV (26)
?,(Sun) 19 Mar 2006 (W11),Bayern München (26),3-0,0-0,FC Schalke 04 (26)
?,(Sun) 19 Mar 2006 (W11),Hertha BSC (26),1-0,0-0,Arminia Bielefeld (26)
?,(Sat) 25 Mar 2006 (W12),MSV Duisburg (27),1-3,1-0,Bayern München (27)
?,(Sat) 25 Mar 2006 (W12),1. FC Köln (27),1-1,1-1,Eintracht Frankfurt (27)
?,(Sat) 25 Mar 2006 (W12),Hamburger SV (27),2-4,1-1,Borussia Dortmund (27)
?,(Sat) 25 Mar 2006 (W12),1. FSV Mainz 05 (27),2-2,0-1,Hertha BSC (27)
?,(Sat) 25 Mar 2006 (W12),FC Schalke 04 (27),2-2,1-1,VfL Wolfsburg (27)
?,(Sat) 25 Mar 2006 (W12),VfB Stuttgart (27),0-2,0-1,Bayer 04 Leverkusen (27)
?,(Sat) 25 Mar 2006 (W12),Werder Bremen (27),5-0,2-0,Hannover 96 (27)
?,(Sun) 26 Mar 2006 (W12),Arminia Bielefeld (27),0-0,0-0,1. FC Nürnberg (27)
?,(Sun) 26 Mar 2006 (W12),1. FC Kaiserslautern (27),3-0,2-0,Bor. Mönchengladbach (27)
?,(Sat) 1 Apr 2006 (W13),Bayern München (28),2-2,2-2,1. FC Köln (28)
?,(Sat) 1 Apr 2006 (W13),Eintracht Frankfurt (28),0-1,0-0,Werder Bremen (28)
?,(Sat) 1 Apr 2006 (W13),Hertha BSC (28),2-0,0-0,VfB Stuttgart (28)
?,(Sat) 1 Apr 2006 (W13),Bayer 04 Leverkusen (28),5-1,2-0,1. FC Kaiserslautern (28)
?,(Sat) 1 Apr 2006 (W13),Bor. Mönchengladbach (28),2-1,2-1,Borussia Dortmund (28)
?,(Sat) 1 Apr 2006 (W13),1. FC Nürnberg (28),3-0,1-0,1. FSV Mainz 05 (28)
?,(Sat) 1 Apr 2006 (W13),VfL Wolfsburg (28),1-1,0-0,MSV Duisburg (28)
?,(Sun) 2 Apr 2006 (W13),Hannover 96 (28),0-1,0-1,Arminia Bielefeld (28)
?,(Sun) 2 Apr 2006 (W13),FC Schalke 04 (28),0-2,0-0,Hamburger SV (28)
?,(Sat) 8 Apr 2006 (W14),Arminia Bielefeld (29),1-0,0-0,Eintracht Frankfurt (29)
?,(Sat) 8 Apr 2006 (W14),Borussia Dortmund (29),1-2,1-1,Bayer 04 Leverkusen (29)
?,(Sat) 8 Apr 2006 (W14),1. FC Köln (29),3-0,0-0,VfL Wolfsburg (29)
?,(Sat) 8 Apr 2006 (W14),1. FC Kaiserslautern (29),0-2,0-2,Hertha BSC (29)
?,(Sat) 8 Apr 2006 (W14),1. FSV Mainz 05 (29),0-0,0-0,Hannover 96 (29)
?,(Sat) 8 Apr 2006 (W14),VfB Stuttgart (29),1-0,0-0,1. FC Nürnberg (29)
?,(Sat) 8 Apr 2006 (W14),Werder Bremen (29),3-0,1-0,Bayern München (29)
?,(Sun) 9 Apr 2006 (W14),MSV Duisburg (29),1-1,1-0,FC Schalke 04 (29)
?,(Sun) 9 Apr 2006 (W14),Hamburger SV (29),2-0,1-0,Bor. Mönchengladbach (29)
?,(Sat) 15 Apr 2006 (W15),Bayern München (30),2-0,0-0,Arminia Bielefeld (30)
?,(Sat) 15 Apr 2006 (W15),MSV Duisburg (30),0-2,0-2,Hamburger SV (30)
?,(Sat) 15 Apr 2006 (W15),Eintracht Frankfurt (30),0-0,0-0,1. FSV Mainz 05 (30)
?,(Sat) 15 Apr 2006 (W15),Hertha BSC (30),0-0,0-0,Borussia Dortmund (30)
?,(Sat) 15 Apr 2006 (W15),Bayer 04 Leverkusen (30),2-1,1-0,Bor. Mönchengladbach (30)
?,(Sat) 15 Apr 2006 (W15),FC Schalke 04 (30),1-1,0-1,1. FC Köln (30)
?,(Sat) 15 Apr 2006 (W15),VfL Wolfsburg (30),1-1,1-1,Werder Bremen (30)
?,(Sun) 16 Apr 2006 (W15),Hannover 96 (30),3-3,2-0,VfB Stuttgart (30)
?,(Sun) 16 Apr 2006 (W15),1. FC Nürnberg (30),3-2,1-1,1. FC Kaiserslautern (30)
?,(Sat) 22 Apr 2006 (W16),Arminia Bielefeld (31),0-1,0-1,VfL Wolfsburg (31)
?,(Sat) 22 Apr 2006 (W16),Borussia Dortmund (31),2-1,1-1,1. FC Nürnberg (31)
?,(Sat) 22 Apr 2006 (W16),1. FC Köln (31),3-1,1-0,MSV Duisburg (31)
?,(Sat) 22 Apr 2006 (W16),Hamburger SV (31),0-2,0-1,Bayer 04 Leverkusen (31)
?,(Sat) 22 Apr 2006 (W16),1. FC Kaiserslautern (31),1-0,1-0,Hannover 96 (31)
?,(Sat) 22 Apr 2006 (W16),Bor. Mönchengladbach (31),2-2,1-1,Hertha BSC (31)
?,(Sat) 22 Apr 2006 (W16),VfB Stuttgart (31),0-2,0-0,Eintracht Frankfurt (31)
?,(Sun) 23 Apr 2006 (W16),1. FSV Mainz 05 (31),2-2,2-2,Bayern München (31)
?,(Sun) 23 Apr 2006 (W16),Werder Bremen (31),0-0,0-0,FC Schalke 04 (31)
?,(Tue) 2 May 2006 (W18),1. FC Köln (32),0-1,0-1,Hamburger SV (32)
?,(Tue) 2 May 2006 (W18),Hannover 96 (32),1-2,1-0,Borussia Dortmund (32)
?,(Tue) 2 May 2006 (W18),Hertha BSC (32),1-5,1-3,Bayer 04 Leverkusen (32)
?,(Tue) 2 May 2006 (W18),1. FC Nürnberg (32),5-2,1-2,Bor. Mönchengladbach (32)
?,(Wed) 3 May 2006 (W18),Bayern München (32),3-1,2-1,VfB Stuttgart (32)
?,(Wed) 3 May 2006 (W18),MSV Duisburg (32),3-5,2-3,Werder Bremen (32)
?,(Wed) 3 May 2006 (W18),Eintracht Frankfurt (32),2-2,0-1,1. FC Kaiserslautern (32)
?,(Wed) 3 May 2006 (W18),FC Schalke 04 (32),3-1,1-0,Arminia Bielefeld (32)
?,(Wed) 3 May 2006 (W18),VfL Wolfsburg (32),0-3,0-1,1. FSV Mainz 05 (32)
?,(Sat) 6 May 2006 (W18),Arminia Bielefeld (33),0-2,0-0,MSV Duisburg (33)
?,(Sat) 6 May 2006 (W18),Borussia Dortmund (33),1-1,0-0,Eintracht Frankfurt (33)
?,(Sat) 6 May 2006 (W18),Hertha BSC (33),4-2,1-2,Hamburger SV (33)
?,(Sat) 6 May 2006 (W18),1. FC Kaiserslautern (33),1-1,1-0,Bayern München (33)
?,(Sat) 6 May 2006 (W18),Bayer 04 Leverkusen (33),2-2,0-1,1. FC Nürnberg (33)
?,(Sat) 6 May 2006 (W18),1. FSV Mainz 05 (33),1-0,1-0,FC Schalke 04 (33)
?,(Sat) 6 May 2006 (W18),Bor. Mönchengladbach (33),2-2,0-1,Hannover 96 (33)
?,(Sat) 6 May 2006 (W18),VfB Stuttgart (33),2-1,1-1,VfL Wolfsburg (33)
?,(Sat) 6 May 2006 (W18),Werder Bremen (33),6-0,3-0,1. FC Köln (33)
?,(Sat) 13 May 2006 (W19),Bayern München (34),3-3,1-1,Borussia Dortmund (34)
?,(Sat) 13 May 2006 (W19),MSV Duisburg (34),0-0,0-0,1. FSV Mainz 05 (34)
?,(Sat) 13 May 2006 (W19),Eintracht Frankfurt (34),0-2,0-0,Bor. Mönchengladbach (34)
?,(Sat) 13 May 2006 (W19),1. FC Köln (34),4-2,1-0,Arminia Bielefeld (34)
?,(Sat) 13 May 2006 (W19),Hamburger SV (34),1-2,0-1,Werder Bremen (34)
?,(Sat) 13 May 2006 (W19),Hannover 96 (34),2-2,1-2,Bayer 04 Leverkusen (34)
?,(Sat) 13 May 2006 (W19),1. FC Nürnberg (34),2-1,1-1,Hertha BSC (34)
?,(Sat) 13 May 2006 (W19),FC Schalke 04 (34),3-2,0-1,VfB Stuttgart (34)
?,(Sat) 13 May 2006 (W19),VfL Wolfsburg (34),2-2,0-1,1. FC Kaiserslautern (34)
