Round,Date,Team 1,FT,HT,Team 2
?,(Sat) 28 Jul 2001 (W30),Energie Cottbus (1),1-0,0-0,Hamburger SV (1)
?,(Sat) 28 Jul 2001 (W30),Borussia Dortmund (1),2-0,1-0,1. FC Nürnberg (1)
?,(Sat) 28 Jul 2001 (W30),SC Freiburg (1),3-0,0-0,Werder Bremen (1)
?,(Sat) 28 Jul 2001 (W30),Bayer 04 Leverkusen (1),2-1,1-0,VfL Wolfsburg (1)
?,(Sat) 28 Jul 2001 (W30),Bor. Mönchengladbach (1),1-0,1-0,Bayern München (1)
?,(Sat) 28 Jul 2001 (W30),TSV 1860 München (1),0-4,0-0,1. FC Kaiserslautern (1)
?,(Sat) 28 Jul 2001 (W30),VfB Stuttgart (1),0-0,0-0,1. FC Köln (1)
?,(Sun) 29 Jul 2001 (W30),FC St. Pauli (1),0-0,0-0,Hertha BSC (1)
?,(Sat) 4 Aug 2001 (W31),Bayern München (2),3-0,3-0,FC Schalke 04 (1)
?,(Sat) 4 Aug 2001 (W31),1. FC Köln (2),2-0,0-0,TSV 1860 München (2)
?,(Sat) 4 Aug 2001 (W31),Hamburger SV (2),2-0,1-0,VfB Stuttgart (2)
?,(Sat) 4 Aug 2001 (W31),Hansa Rostock (1),0-3,0-1,Bayer 04 Leverkusen (2)
?,(Sat) 4 Aug 2001 (W31),Hertha BSC (2),0-2,0-0,Borussia Dortmund (2)
?,(Sat) 4 Aug 2001 (W31),Werder Bremen (2),3-2,1-2,Energie Cottbus (2)
?,(Sat) 4 Aug 2001 (W31),VfL Wolfsburg (2),1-1,0-1,FC St. Pauli (2)
?,(Sun) 5 Aug 2001 (W31),1. FC Kaiserslautern (2),3-2,0-0,Bor. Mönchengladbach (2)
?,(Sun) 5 Aug 2001 (W31),1. FC Nürnberg (2),2-0,1-0,SC Freiburg (2)
?,(Sat) 11 Aug 2001 (W32),Energie Cottbus (3),1-0,1-0,1. FC Nürnberg (3)
?,(Sat) 11 Aug 2001 (W32),Borussia Dortmund (3),4-0,3-0,VfL Wolfsburg (3)
?,(Sat) 11 Aug 2001 (W32),SC Freiburg (3),1-3,0-2,Hertha BSC (3)
?,(Sat) 11 Aug 2001 (W32),1. FC Kaiserslautern (3),2-1,2-0,1. FC Köln (3)
?,(Sat) 11 Aug 2001 (W32),Bayer 04 Leverkusen (3),1-1,0-0,Bayern München (3)
?,(Sat) 11 Aug 2001 (W32),TSV 1860 München (3),1-1,0-1,Hamburger SV (3)
?,(Sat) 11 Aug 2001 (W32),VfB Stuttgart (3),0-0,0-0,Werder Bremen (3)
?,(Sun) 12 Aug 2001 (W32),Bor. Mönchengladbach (3),0-0,0-0,FC Schalke 04 (2)
?,(Sun) 12 Aug 2001 (W32),FC St. Pauli (3),0-1,0-1,Hansa Rostock (2)
?,(Sat) 18 Aug 2001 (W33),Bayern München (4),2-0,2-0,FC St. Pauli (4)
?,(Sat) 18 Aug 2001 (W33),Hamburger SV (4),2-3,0-3,1. FC Kaiserslautern (4)
?,(Sat) 18 Aug 2001 (W33),Hansa Rostock (3),0-2,0-2,Borussia Dortmund (4)
?,(Sat) 18 Aug 2001 (W33),1. FC Nürnberg (4),2-4,1-1,VfB Stuttgart (4)
?,(Sat) 18 Aug 2001 (W33),FC Schalke 04 (3),3-3,2-0,Bayer 04 Leverkusen (4)
?,(Sat) 18 Aug 2001 (W33),Werder Bremen (4),1-3,1-2,TSV 1860 München (4)
?,(Sat) 18 Aug 2001 (W33),VfL Wolfsburg (4),1-1,0-1,SC Freiburg (4)
?,(Sun) 19 Aug 2001 (W33),1. FC Köln (4),0-2,0-0,Bor. Mönchengladbach (4)
?,(Sun) 19 Aug 2001 (W33),Hertha BSC (4),2-3,1-0,Energie Cottbus (4)
?,(Tue) 21 Aug 2001 (W34),FC Schalke 04 (4),3-1,1-1,Hansa Rostock (4)
?,(Sat) 8 Sep 2001 (W36),Energie Cottbus (5),3-3,2-2,VfL Wolfsburg (5)
?,(Sat) 8 Sep 2001 (W36),Borussia Dortmund (5),0-2,0-1,Bayern München (5)
?,(Sat) 8 Sep 2001 (W36),SC Freiburg (5),1-1,0-0,Hansa Rostock (5)
?,(Sat) 8 Sep 2001 (W36),Bor. Mönchengladbach (5),0-1,0-1,Bayer 04 Leverkusen (5)
?,(Sat) 8 Sep 2001 (W36),TSV 1860 München (5),1-0,0-0,1. FC Nürnberg (5)
?,(Sat) 8 Sep 2001 (W36),FC St. Pauli (5),0-2,0-1,FC Schalke 04 (5)
?,(Sat) 8 Sep 2001 (W36),VfB Stuttgart (5),0-0,0-0,Hertha BSC (5)
?,(Sun) 9 Sep 2001 (W36),1. FC Köln (5),2-1,0-1,Hamburger SV (5)
?,(Sun) 9 Sep 2001 (W36),1. FC Kaiserslautern (5),2-1,0-1,Werder Bremen (5)
?,(Sat) 15 Sep 2001 (W37),Bayern München (6),1-0,0-0,SC Freiburg (6)
?,(Sat) 15 Sep 2001 (W37),Hamburger SV (6),3-3,2-1,Bor. Mönchengladbach (6)
?,(Sat) 15 Sep 2001 (W37),Bayer 04 Leverkusen (6),3-1,1-0,FC St. Pauli (6)
?,(Sat) 15 Sep 2001 (W37),1. FC Nürnberg (6),0-2,0-0,1. FC Kaiserslautern (6)
?,(Sat) 15 Sep 2001 (W37),FC Schalke 04 (6),1-0,1-0,Borussia Dortmund (6)
?,(Sat) 15 Sep 2001 (W37),Werder Bremen (6),1-1,0-1,1. FC Köln (6)
?,(Sat) 15 Sep 2001 (W37),VfL Wolfsburg (6),0-2,0-1,VfB Stuttgart (6)
?,(Sun) 16 Sep 2001 (W37),Hansa Rostock (6),0-0,0-0,Energie Cottbus (6)
?,(Sun) 16 Sep 2001 (W37),Hertha BSC (6),2-1,0-1,TSV 1860 München (6)
?,(Sat) 22 Sep 2001 (W38),Energie Cottbus (7),0-3,0-2,Bayern München (7)
?,(Sat) 22 Sep 2001 (W38),Borussia Dortmund (7),1-1,1-0,Bayer 04 Leverkusen (7)
?,(Sat) 22 Sep 2001 (W38),1. FC Köln (7),1-2,1-2,1. FC Nürnberg (7)
?,(Sat) 22 Sep 2001 (W38),SC Freiburg (7),2-0,0-0,FC Schalke 04 (7)
?,(Sat) 22 Sep 2001 (W38),Hamburger SV (7),0-4,0-2,Werder Bremen (7)
?,(Sat) 22 Sep 2001 (W38),1. FC Kaiserslautern (7),4-1,1-0,Hertha BSC (7)
?,(Sat) 22 Sep 2001 (W38),VfB Stuttgart (7),2-1,0-1,Hansa Rostock (7)
?,(Sun) 23 Sep 2001 (W38),Bor. Mönchengladbach (7),2-2,0-0,FC St. Pauli (7)
?,(Sun) 23 Sep 2001 (W38),TSV 1860 München (7),2-1,1-0,VfL Wolfsburg (7)
?,(Sat) 29 Sep 2001 (W39),Hansa Rostock (8),2-2,1-1,TSV 1860 München (8)
?,(Sat) 29 Sep 2001 (W39),Hertha BSC (8),3-0,1-0,1. FC Köln (8)
?,(Sat) 29 Sep 2001 (W39),1. FC Nürnberg (8),0-0,0-0,Hamburger SV (8)
?,(Sat) 29 Sep 2001 (W39),FC Schalke 04 (8),2-0,2-0,Energie Cottbus (8)
?,(Sat) 29 Sep 2001 (W39),FC St. Pauli (8),1-2,0-2,Borussia Dortmund (8)
?,(Sat) 29 Sep 2001 (W39),Werder Bremen (8),1-0,0-0,Bor. Mönchengladbach (8)
?,(Sat) 29 Sep 2001 (W39),VfL Wolfsburg (8),2-0,1-0,1. FC Kaiserslautern (8)
?,(Sun) 30 Sep 2001 (W39),Bayern München (8),4-0,2-0,VfB Stuttgart (8)
?,(Sun) 30 Sep 2001 (W39),Bayer 04 Leverkusen (8),4-1,3-1,SC Freiburg (8)
?,(Sat) 13 Oct 2001 (W41),Energie Cottbus (9),2-3,1-2,Bayer 04 Leverkusen (9)
?,(Sat) 13 Oct 2001 (W41),SC Freiburg (9),2-2,1-1,FC St. Pauli (9)
?,(Sat) 13 Oct 2001 (W41),Hamburger SV (9),4-0,2-0,Hertha BSC (9)
?,(Sat) 13 Oct 2001 (W41),1. FC Kaiserslautern (9),3-1,0-1,Hansa Rostock (9)
?,(Sat) 13 Oct 2001 (W41),Bor. Mönchengladbach (9),1-2,0-2,Borussia Dortmund (9)
?,(Sat) 13 Oct 2001 (W41),TSV 1860 München (9),1-5,1-2,Bayern München (9)
?,(Sat) 13 Oct 2001 (W41),VfB Stuttgart (9),3-0,1-0,FC Schalke 04 (9)
?,(Sun) 14 Oct 2001 (W41),1. FC Köln (9),0-4,0-2,VfL Wolfsburg (9)
?,(Sun) 14 Oct 2001 (W41),Werder Bremen (9),3-0,1-0,1. FC Nürnberg (9)
?,(Sat) 20 Oct 2001 (W42),Bayern München (10),4-1,3-0,1. FC Kaiserslautern (10)
?,(Sat) 20 Oct 2001 (W42),Hansa Rostock (10),3-0,0-0,1. FC Köln (10)
?,(Sat) 20 Oct 2001 (W42),Hertha BSC (10),3-1,2-1,Werder Bremen (10)
?,(Sat) 20 Oct 2001 (W42),Bayer 04 Leverkusen (10),4-1,1-1,VfB Stuttgart (10)
?,(Sat) 20 Oct 2001 (W42),1. FC Nürnberg (10),1-2,0-1,Bor. Mönchengladbach (10)
?,(Sat) 20 Oct 2001 (W42),FC Schalke 04 (10),1-0,1-0,TSV 1860 München (10)
?,(Sat) 20 Oct 2001 (W42),FC St. Pauli (10),4-0,1-0,Energie Cottbus (10)
?,(Sun) 21 Oct 2001 (W42),Borussia Dortmund (10),0-2,0-1,SC Freiburg (10)
?,(Sun) 21 Oct 2001 (W42),VfL Wolfsburg (10),0-1,0-0,Hamburger SV (10)
?,(Sat) 27 Oct 2001 (W43),Energie Cottbus (11),0-2,0-0,Borussia Dortmund (11)
?,(Sat) 27 Oct 2001 (W43),1. FC Köln (11),0-2,0-1,Bayern München (11)
?,(Sat) 27 Oct 2001 (W43),1. FC Kaiserslautern (11),0-0,0-0,FC Schalke 04 (11)
?,(Sat) 27 Oct 2001 (W43),Bor. Mönchengladbach (11),2-2,1-1,SC Freiburg (11)
?,(Sat) 27 Oct 2001 (W43),TSV 1860 München (11),1-4,1-1,Bayer 04 Leverkusen (11)
?,(Sat) 27 Oct 2001 (W43),VfB Stuttgart (11),2-0,1-0,FC St. Pauli (11)
?,(Sat) 27 Oct 2001 (W43),Werder Bremen (11),1-0,0-0,VfL Wolfsburg (11)
?,(Sun) 28 Oct 2001 (W43),Hamburger SV (11),0-1,0-1,Hansa Rostock (11)
?,(Sun) 28 Oct 2001 (W43),1. FC Nürnberg (11),1-3,0-1,Hertha BSC (11)
?,(Sat) 3 Nov 2001 (W44),Bayern München (12),3-0,0-0,Hamburger SV (12)
?,(Sat) 3 Nov 2001 (W44),Borussia Dortmund (12),1-0,0-0,VfB Stuttgart (12)
?,(Sat) 3 Nov 2001 (W44),Hansa Rostock (12),0-1,0-0,Werder Bremen (12)
?,(Sat) 3 Nov 2001 (W44),Bayer 04 Leverkusen (12),2-1,1-1,1. FC Kaiserslautern (12)
?,(Sat) 3 Nov 2001 (W44),FC Schalke 04 (12),3-1,1-1,1. FC Köln (12)
?,(Sat) 3 Nov 2001 (W44),FC St. Pauli (12),0-3,0-1,TSV 1860 München (12)
?,(Sat) 3 Nov 2001 (W44),VfL Wolfsburg (12),5-0,2-0,1. FC Nürnberg (12)
?,(Sun) 4 Nov 2001 (W44),SC Freiburg (12),3-1,1-1,Energie Cottbus (12)
?,(Sun) 4 Nov 2001 (W44),Hertha BSC (12),3-0,2-0,Bor. Mönchengladbach (12)
?,(Sat) 17 Nov 2001 (W46),1. FC Köln (13),1-2,0-0,Bayer 04 Leverkusen (13)
?,(Sat) 17 Nov 2001 (W46),Hamburger SV (13),0-0,0-0,FC Schalke 04 (13)
?,(Sat) 17 Nov 2001 (W46),Hertha BSC (13),2-0,1-0,VfL Wolfsburg (13)
?,(Sat) 17 Nov 2001 (W46),1. FC Kaiserslautern (13),5-1,2-1,FC St. Pauli (13)
?,(Sat) 17 Nov 2001 (W46),TSV 1860 München (13),1-3,0-0,Borussia Dortmund (13)
?,(Sat) 17 Nov 2001 (W46),VfB Stuttgart (13),3-0,1-0,SC Freiburg (13)
?,(Sat) 17 Nov 2001 (W46),Werder Bremen (13),1-0,1-0,Bayern München (13)
?,(Sun) 18 Nov 2001 (W46),Bor. Mönchengladbach (13),0-0,0-0,Energie Cottbus (13)
?,(Sun) 18 Nov 2001 (W46),1. FC Nürnberg (13),2-0,0-0,Hansa Rostock (13)
?,(Sat) 24 Nov 2001 (W47),Bayern München (14),0-0,0-0,1. FC Nürnberg (14)
?,(Sat) 24 Nov 2001 (W47),Energie Cottbus (14),0-0,0-0,VfB Stuttgart (14)
?,(Sat) 24 Nov 2001 (W47),Hansa Rostock (14),1-1,0-0,Hertha BSC (14)
?,(Sat) 24 Nov 2001 (W47),Bayer 04 Leverkusen (14),4-1,2-1,Hamburger SV (14)
?,(Sat) 24 Nov 2001 (W47),FC Schalke 04 (14),1-4,0-2,Werder Bremen (14)
?,(Sat) 24 Nov 2001 (W47),FC St. Pauli (14),1-2,0-2,1. FC Köln (14)
?,(Sat) 24 Nov 2001 (W47),VfL Wolfsburg (14),3-1,2-0,Bor. Mönchengladbach (14)
?,(Sun) 25 Nov 2001 (W47),Borussia Dortmund (14),3-0,0-0,1. FC Kaiserslautern (14)
?,(Sun) 25 Nov 2001 (W47),SC Freiburg (14),1-3,1-2,TSV 1860 München (14)
?,(Sat) 1 Dec 2001 (W48),1. FC Köln (15),0-2,0-2,Borussia Dortmund (15)
?,(Sat) 1 Dec 2001 (W48),Hansa Rostock (15),1-2,0-1,VfL Wolfsburg (15)
?,(Sat) 1 Dec 2001 (W48),1. FC Kaiserslautern (15),3-0,1-0,SC Freiburg (15)
?,(Sat) 1 Dec 2001 (W48),TSV 1860 München (15),1-0,0-0,Energie Cottbus (15)
?,(Sat) 1 Dec 2001 (W48),1. FC Nürnberg (15),0-3,0-0,FC Schalke 04 (15)
?,(Sat) 1 Dec 2001 (W48),VfB Stuttgart (15),1-1,0-0,Bor. Mönchengladbach (15)
?,(Sat) 1 Dec 2001 (W48),Werder Bremen (15),2-1,1-1,Bayer 04 Leverkusen (15)
?,(Sun) 2 Dec 2001 (W48),Hamburger SV (15),4-3,3-0,FC St. Pauli (15)
?,(Sun) 2 Dec 2001 (W48),Hertha BSC (15),2-1,0-0,Bayern München (15)
?,(Sat) 8 Dec 2001 (W49),Bayern München (16),3-3,2-1,VfL Wolfsburg (16)
?,(Sat) 8 Dec 2001 (W49),Energie Cottbus (16),0-2,0-1,1. FC Kaiserslautern (16)
?,(Sat) 8 Dec 2001 (W49),Borussia Dortmund (16),1-0,0-0,Hamburger SV (16)
?,(Sat) 8 Dec 2001 (W49),Bayer 04 Leverkusen (16),4-2,1-1,1. FC Nürnberg (16)
?,(Sat) 8 Dec 2001 (W49),Bor. Mönchengladbach (16),0-2,0-1,Hansa Rostock (16)
?,(Sat) 8 Dec 2001 (W49),FC St. Pauli (16),0-3,0-1,Werder Bremen (16)
?,(Sat) 8 Dec 2001 (W49),VfB Stuttgart (16),0-1,0-0,TSV 1860 München (16)
?,(Sun) 9 Dec 2001 (W49),SC Freiburg (16),0-0,0-0,1. FC Köln (16)
?,(Sun) 9 Dec 2001 (W49),FC Schalke 04 (16),0-0,0-0,Hertha BSC (16)
?,(Sat) 15 Dec 2001 (W50),1. FC Köln (17),0-0,0-0,Energie Cottbus (17)
?,(Sat) 15 Dec 2001 (W50),Hamburger SV (17),1-1,1-0,SC Freiburg (17)
?,(Sat) 15 Dec 2001 (W50),Hansa Rostock (17),1-0,0-0,Bayern München (17)
?,(Sat) 15 Dec 2001 (W50),Hertha BSC (17),2-1,1-1,Bayer 04 Leverkusen (17)
?,(Sat) 15 Dec 2001 (W50),TSV 1860 München (17),2-2,2-2,Bor. Mönchengladbach (17)
?,(Sat) 15 Dec 2001 (W50),1. FC Nürnberg (17),0-0,0-0,FC St. Pauli (17)
?,(Sat) 15 Dec 2001 (W50),Werder Bremen (17),1-1,1-0,Borussia Dortmund (17)
?,(Sun) 16 Dec 2001 (W50),1. FC Kaiserslautern (17),2-2,1-1,VfB Stuttgart (17)
?,(Sun) 16 Dec 2001 (W50),VfL Wolfsburg (17),3-1,0-0,FC Schalke 04 (17)
?,(Tue) 18 Dec 2001 (W51),Bayern München (18),0-0,0-0,Bor. Mönchengladbach (18)
?,(Tue) 18 Dec 2001 (W51),Hamburger SV (18),5-2,0-1,Energie Cottbus (18)
?,(Tue) 18 Dec 2001 (W51),Hertha BSC (18),2-2,0-0,FC St. Pauli (18)
?,(Tue) 18 Dec 2001 (W51),1. FC Nürnberg (18),2-2,0-0,Borussia Dortmund (18)
?,(Tue) 18 Dec 2001 (W51),Werder Bremen (18),3-2,1-1,SC Freiburg (18)
?,(Wed) 19 Dec 2001 (W51),1. FC Köln (18),0-0,0-0,VfB Stuttgart (18)
?,(Wed) 19 Dec 2001 (W51),Hansa Rostock (18),1-3,0-2,FC Schalke 04 (18)
?,(Wed) 19 Dec 2001 (W51),1. FC Kaiserslautern (18),1-3,0-0,TSV 1860 München (18)
?,(Wed) 19 Dec 2001 (W51),VfL Wolfsburg (18),3-1,1-0,Bayer 04 Leverkusen (18)
?,(Sat) 26 Jan 2002 (W4),SC Freiburg (19),2-0,1-0,1. FC Nürnberg (19)
?,(Sat) 26 Jan 2002 (W4),Bayer 04 Leverkusen (19),2-0,0-0,Hansa Rostock (19)
?,(Sat) 26 Jan 2002 (W4),Bor. Mönchengladbach (19),0-2,0-0,1. FC Kaiserslautern (19)
?,(Sat) 26 Jan 2002 (W4),TSV 1860 München (19),3-0,0-0,1. FC Köln (19)
?,(Sat) 26 Jan 2002 (W4),FC Schalke 04 (19),5-1,2-0,Bayern München (19)
?,(Sat) 26 Jan 2002 (W4),FC St. Pauli (19),3-1,0-1,VfL Wolfsburg (19)
?,(Sat) 26 Jan 2002 (W4),VfB Stuttgart (19),3-0,2-0,Hamburger SV (19)
?,(Sun) 27 Jan 2002 (W4),Energie Cottbus (19),2-1,1-1,Werder Bremen (19)
?,(Sun) 27 Jan 2002 (W4),Borussia Dortmund (19),3-1,1-0,Hertha BSC (19)
?,(Sat) 2 Feb 2002 (W5),1. FC Köln (20),0-1,0-0,1. FC Kaiserslautern (20)
?,(Sat) 2 Feb 2002 (W5),Hamburger SV (20),2-1,0-0,TSV 1860 München (20)
?,(Sat) 2 Feb 2002 (W5),Hertha BSC (20),1-1,0-1,SC Freiburg (20)
?,(Sat) 2 Feb 2002 (W5),1. FC Nürnberg (20),2-0,0-0,Energie Cottbus (20)
?,(Sat) 2 Feb 2002 (W5),FC Schalke 04 (20),2-0,1-0,Bor. Mönchengladbach (20)
?,(Sat) 2 Feb 2002 (W5),Werder Bremen (20),1-2,1-0,VfB Stuttgart (20)
?,(Sat) 2 Feb 2002 (W5),VfL Wolfsburg (20),1-1,1-1,Borussia Dortmund (20)
?,(Sun) 3 Feb 2002 (W5),Bayern München (20),2-0,0-0,Bayer 04 Leverkusen (20)
?,(Sun) 3 Feb 2002 (W5),Hansa Rostock (20),1-0,0-0,FC St. Pauli (20)
?,(Tue) 5 Feb 2002 (W6),Energie Cottbus (21),1-0,0-0,Hertha BSC (21)
?,(Tue) 5 Feb 2002 (W6),SC Freiburg (21),0-0,0-0,VfL Wolfsburg (21)
?,(Tue) 5 Feb 2002 (W6),Bor. Mönchengladbach (21),4-0,0-0,1. FC Köln (21)
?,(Tue) 5 Feb 2002 (W6),TSV 1860 München (21),3-1,1-1,Werder Bremen (21)
?,(Tue) 5 Feb 2002 (W6),VfB Stuttgart (21),2-3,1-2,1. FC Nürnberg (21)
?,(Wed) 6 Feb 2002 (W6),Borussia Dortmund (21),2-0,0-0,Hansa Rostock (21)
?,(Wed) 6 Feb 2002 (W6),1. FC Kaiserslautern (21),2-2,1-1,Hamburger SV (21)
?,(Wed) 6 Feb 2002 (W6),Bayer 04 Leverkusen (21),0-1,0-0,FC Schalke 04 (21)
?,(Wed) 6 Feb 2002 (W6),FC St. Pauli (21),2-1,2-0,Bayern München (21)
?,(Sat) 9 Feb 2002 (W6),Bayern München (22),1-1,0-0,Borussia Dortmund (22)
?,(Sat) 9 Feb 2002 (W6),Hansa Rostock (22),4-0,2-0,SC Freiburg (22)
?,(Sat) 9 Feb 2002 (W6),Hertha BSC (22),2-0,2-0,VfB Stuttgart (22)
?,(Sat) 9 Feb 2002 (W6),Bayer 04 Leverkusen (22),5-0,3-0,Bor. Mönchengladbach (22)
?,(Sat) 9 Feb 2002 (W6),FC Schalke 04 (22),4-0,2-0,FC St. Pauli (22)
?,(Sat) 9 Feb 2002 (W6),Werder Bremen (22),1-0,0-0,1. FC Kaiserslautern (22)
?,(Sat) 9 Feb 2002 (W6),VfL Wolfsburg (22),2-1,2-0,Energie Cottbus (22)
?,(Sun) 10 Feb 2002 (W6),Hamburger SV (22),4-0,1-0,1. FC Köln (22)
?,(Sun) 10 Feb 2002 (W6),1. FC Nürnberg (22),2-1,1-0,TSV 1860 München (22)
?,(Sat) 16 Feb 2002 (W7),Borussia Dortmund (23),1-1,0-1,FC Schalke 04 (23)
?,(Sat) 16 Feb 2002 (W7),SC Freiburg (23),0-2,0-2,Bayern München (23)
?,(Sat) 16 Feb 2002 (W7),1. FC Kaiserslautern (23),2-1,1-0,1. FC Nürnberg (23)
?,(Sat) 16 Feb 2002 (W7),Bor. Mönchengladbach (23),2-1,2-1,Hamburger SV (23)
?,(Sat) 16 Feb 2002 (W7),TSV 1860 München (23),0-3,0-1,Hertha BSC (23)
?,(Sat) 16 Feb 2002 (W7),FC St. Pauli (23),2-2,1-1,Bayer 04 Leverkusen (23)
?,(Sat) 16 Feb 2002 (W7),VfB Stuttgart (23),2-1,1-0,VfL Wolfsburg (23)
?,(Sun) 17 Feb 2002 (W7),Energie Cottbus (23),3-0,2-0,Hansa Rostock (23)
?,(Sun) 17 Feb 2002 (W7),1. FC Köln (23),0-0,0-0,Werder Bremen (23)
?,(Sat) 23 Feb 2002 (W8),Bayern München (24),6-0,3-0,Energie Cottbus (24)
?,(Sat) 23 Feb 2002 (W8),Hansa Rostock (24),1-1,1-0,VfB Stuttgart (24)
?,(Sat) 23 Feb 2002 (W8),Hertha BSC (24),5-1,3-1,1. FC Kaiserslautern (24)
?,(Sat) 23 Feb 2002 (W8),1. FC Nürnberg (24),2-0,1-0,1. FC Köln (24)
?,(Sat) 23 Feb 2002 (W8),FC Schalke 04 (24),3-0,3-0,SC Freiburg (24)
?,(Sat) 23 Feb 2002 (W8),FC St. Pauli (24),1-1,1-1,Bor. Mönchengladbach (24)
?,(Sat) 23 Feb 2002 (W8),VfL Wolfsburg (24),1-3,0-0,TSV 1860 München (24)
?,(Sun) 24 Feb 2002 (W8),Bayer 04 Leverkusen (24),4-0,1-0,Borussia Dortmund (24)
?,(Sun) 24 Feb 2002 (W8),Werder Bremen (24),0-1,0-0,Hamburger SV (24)
?,(Sat) 2 Mar 2002 (W9),Energie Cottbus (25),2-0,1-0,FC Schalke 04 (25)
?,(Sat) 2 Mar 2002 (W9),1. FC Köln (25),1-1,0-1,Hertha BSC (25)
?,(Sat) 2 Mar 2002 (W9),SC Freiburg (25),2-2,1-0,Bayer 04 Leverkusen (25)
?,(Sat) 2 Mar 2002 (W9),Hamburger SV (25),3-1,2-1,1. FC Nürnberg (25)
?,(Sat) 2 Mar 2002 (W9),Bor. Mönchengladbach (25),1-0,1-0,Werder Bremen (25)
?,(Sat) 2 Mar 2002 (W9),TSV 1860 München (25),2-0,1-0,Hansa Rostock (25)
?,(Sat) 2 Mar 2002 (W9),VfB Stuttgart (25),0-2,0-2,Bayern München (25)
?,(Sun) 3 Mar 2002 (W9),Borussia Dortmund (25),1-1,0-1,FC St. Pauli (25)
?,(Sun) 3 Mar 2002 (W9),1. FC Kaiserslautern (25),3-2,0-0,VfL Wolfsburg (25)
?,(Sat) 9 Mar 2002 (W10),Bayern München (26),2-1,0-0,TSV 1860 München (26)
?,(Sat) 9 Mar 2002 (W10),Borussia Dortmund (26),3-1,1-0,Bor. Mönchengladbach (26)
?,(Sat) 9 Mar 2002 (W10),Hansa Rostock (26),2-1,1-0,1. FC Kaiserslautern (26)
?,(Sat) 9 Mar 2002 (W10),Bayer 04 Leverkusen (26),2-0,1-0,Energie Cottbus (26)
?,(Sat) 9 Mar 2002 (W10),1. FC Nürnberg (26),0-4,0-3,Werder Bremen (26)
?,(Sat) 9 Mar 2002 (W10),FC St. Pauli (26),1-0,0-0,SC Freiburg (26)
?,(Sat) 9 Mar 2002 (W10),VfL Wolfsburg (26),5-1,3-1,1. FC Köln (26)
?,(Sun) 10 Mar 2002 (W10),Hertha BSC (26),6-0,2-0,Hamburger SV (26)
?,(Sun) 10 Mar 2002 (W10),FC Schalke 04 (26),2-1,0-0,VfB Stuttgart (26)
?,(Sat) 16 Mar 2002 (W11),Energie Cottbus (27),4-0,3-0,FC St. Pauli (27)
?,(Sat) 16 Mar 2002 (W11),1. FC Köln (27),4-2,0-2,Hansa Rostock (27)
?,(Sat) 16 Mar 2002 (W11),Hamburger SV (27),1-1,0-1,VfL Wolfsburg (27)
?,(Sat) 16 Mar 2002 (W11),1. FC Kaiserslautern (27),0-0,0-0,Bayern München (27)
?,(Sat) 16 Mar 2002 (W11),Bor. Mönchengladbach (27),1-0,1-0,1. FC Nürnberg (27)
?,(Sat) 16 Mar 2002 (W11),VfB Stuttgart (27),0-2,0-2,Bayer 04 Leverkusen (27)
?,(Sat) 16 Mar 2002 (W11),Werder Bremen (27),0-3,0-0,Hertha BSC (27)
?,(Sun) 17 Mar 2002 (W11),SC Freiburg (27),1-5,1-1,Borussia Dortmund (27)
?,(Sun) 17 Mar 2002 (W11),TSV 1860 München (27),1-2,0-1,FC Schalke 04 (27)
?,(Sat) 23 Mar 2002 (W12),Bayern München (28),3-0,0-0,1. FC Köln (28)
?,(Sat) 23 Mar 2002 (W12),SC Freiburg (28),0-1,0-0,Bor. Mönchengladbach (28)
?,(Sat) 23 Mar 2002 (W12),Hansa Rostock (28),1-1,0-0,Hamburger SV (28)
?,(Sat) 23 Mar 2002 (W12),Hertha BSC (28),2-0,2-0,1. FC Nürnberg (28)
?,(Sat) 23 Mar 2002 (W12),Bayer 04 Leverkusen (28),4-0,1-0,TSV 1860 München (28)
?,(Sat) 23 Mar 2002 (W12),FC Schalke 04 (28),3-0,1-0,1. FC Kaiserslautern (28)
?,(Sat) 23 Mar 2002 (W12),FC St. Pauli (28),1-2,0-0,VfB Stuttgart (28)
?,(Sun) 24 Mar 2002 (W12),Borussia Dortmund (28),3-0,2-0,Energie Cottbus (28)
?,(Sun) 24 Mar 2002 (W12),VfL Wolfsburg (28),2-0,0-0,Werder Bremen (28)
?,(Sat) 30 Mar 2002 (W13),Energie Cottbus (29),2-0,1-0,SC Freiburg (29)
?,(Sat) 30 Mar 2002 (W13),Hamburger SV (29),0-0,0-0,Bayern München (29)
?,(Sat) 30 Mar 2002 (W13),1. FC Kaiserslautern (29),2-4,1-2,Bayer 04 Leverkusen (29)
?,(Sat) 30 Mar 2002 (W13),Bor. Mönchengladbach (29),3-1,1-1,Hertha BSC (29)
?,(Sat) 30 Mar 2002 (W13),TSV 1860 München (29),4-2,1-1,FC St. Pauli (29)
?,(Sat) 30 Mar 2002 (W13),1. FC Nürnberg (29),3-0,1-0,VfL Wolfsburg (29)
?,(Sat) 30 Mar 2002 (W13),VfB Stuttgart (29),3-2,2-0,Borussia Dortmund (29)
?,(Sun) 31 Mar 2002 (W13),1. FC Köln (29),1-1,0-1,FC Schalke 04 (29)
?,(Sun) 31 Mar 2002 (W13),Werder Bremen (29),4-3,1-2,Hansa Rostock (29)
?,(Sat) 6 Apr 2002 (W14),Bayern München (30),2-2,1-1,Werder Bremen (30)
?,(Sat) 6 Apr 2002 (W14),Energie Cottbus (30),3-3,2-1,Bor. Mönchengladbach (30)
?,(Sat) 6 Apr 2002 (W14),Hansa Rostock (30),1-0,1-0,1. FC Nürnberg (30)
?,(Sat) 6 Apr 2002 (W14),Bayer 04 Leverkusen (30),2-0,2-0,1. FC Köln (30)
?,(Sat) 6 Apr 2002 (W14),FC Schalke 04 (30),2-0,2-0,Hamburger SV (30)
?,(Sat) 6 Apr 2002 (W14),FC St. Pauli (30),1-1,0-0,1. FC Kaiserslautern (30)
?,(Sat) 6 Apr 2002 (W14),VfL Wolfsburg (30),1-3,1-2,Hertha BSC (30)
?,(Sun) 7 Apr 2002 (W14),Borussia Dortmund (30),2-1,2-1,TSV 1860 München (30)
?,(Sun) 7 Apr 2002 (W14),SC Freiburg (30),0-2,0-0,VfB Stuttgart (30)
?,(Sat) 13 Apr 2002 (W15),1. FC Köln (31),2-1,1-0,FC St. Pauli (31)
?,(Sat) 13 Apr 2002 (W15),Hamburger SV (31),1-1,1-1,Bayer 04 Leverkusen (31)
?,(Sat) 13 Apr 2002 (W15),Hertha BSC (31),1-0,1-0,Hansa Rostock (31)
?,(Sat) 13 Apr 2002 (W15),Bor. Mönchengladbach (31),0-2,0-0,VfL Wolfsburg (31)
?,(Sat) 13 Apr 2002 (W15),TSV 1860 München (31),5-2,3-1,SC Freiburg (31)
?,(Sat) 13 Apr 2002 (W15),1. FC Nürnberg (31),1-2,0-2,Bayern München (31)
?,(Sat) 13 Apr 2002 (W15),Werder Bremen (31),3-0,1-0,FC Schalke 04 (31)
?,(Sun) 14 Apr 2002 (W15),1. FC Kaiserslautern (31),1-0,0-0,Borussia Dortmund (31)
?,(Sun) 14 Apr 2002 (W15),VfB Stuttgart (31),0-0,0-0,Energie Cottbus (31)
?,(Fri) 19 Apr 2002 (W16),FC St. Pauli (32),0-4,0-2,Hamburger SV (32)
?,(Sat) 20 Apr 2002 (W16),Bayern München (32),3-0,0-0,Hertha BSC (32)
?,(Sat) 20 Apr 2002 (W16),Energie Cottbus (32),1-1,0-0,TSV 1860 München (32)
?,(Sat) 20 Apr 2002 (W16),Borussia Dortmund (32),2-1,1-0,1. FC Köln (32)
?,(Sat) 20 Apr 2002 (W16),Bayer 04 Leverkusen (32),1-2,1-1,Werder Bremen (32)
?,(Sat) 20 Apr 2002 (W16),FC Schalke 04 (32),2-1,0-0,1. FC Nürnberg (32)
?,(Sat) 20 Apr 2002 (W16),VfL Wolfsburg (32),4-0,4-0,Hansa Rostock (32)
?,(Sun) 21 Apr 2002 (W16),SC Freiburg (32),3-1,0-0,1. FC Kaiserslautern (32)
?,(Sun) 21 Apr 2002 (W16),Bor. Mönchengladbach (32),2-2,0-0,VfB Stuttgart (32)
?,(Sat) 27 Apr 2002 (W17),1. FC Köln (33),2-0,1-0,SC Freiburg (33)
?,(Sat) 27 Apr 2002 (W17),Hamburger SV (33),3-4,1-2,Borussia Dortmund (33)
?,(Sat) 27 Apr 2002 (W17),Hansa Rostock (33),1-1,1-1,Bor. Mönchengladbach (33)
?,(Sat) 27 Apr 2002 (W17),Hertha BSC (33),2-0,0-0,FC Schalke 04 (33)
?,(Sat) 27 Apr 2002 (W17),1. FC Kaiserslautern (33),4-0,2-0,Energie Cottbus (33)
?,(Sat) 27 Apr 2002 (W17),TSV 1860 München (33),3-3,0-2,VfB Stuttgart (33)
?,(Sat) 27 Apr 2002 (W17),1. FC Nürnberg (33),1-0,1-0,Bayer 04 Leverkusen (33)
?,(Sat) 27 Apr 2002 (W17),Werder Bremen (33),3-2,0-2,FC St. Pauli (33)
?,(Sat) 27 Apr 2002 (W17),VfL Wolfsburg (33),0-1,0-1,Bayern München (33)
?,(Sat) 4 May 2002 (W18),Bayern München (34),3-2,1-0,Hansa Rostock (34)
?,(Sat) 4 May 2002 (W18),Energie Cottbus (34),2-3,0-1,1. FC Köln (34)
?,(Sat) 4 May 2002 (W18),Borussia Dortmund (34),2-1,1-1,Werder Bremen (34)
?,(Sat) 4 May 2002 (W18),SC Freiburg (34),4-3,2-2,Hamburger SV (34)
?,(Sat) 4 May 2002 (W18),Bayer 04 Leverkusen (34),2-1,1-0,Hertha BSC (34)
?,(Sat) 4 May 2002 (W18),Bor. Mönchengladbach (34),2-4,1-1,TSV 1860 München (34)
?,(Sat) 4 May 2002 (W18),FC Schalke 04 (34),1-2,0-1,VfL Wolfsburg (34)
?,(Sat) 4 May 2002 (W18),FC St. Pauli (34),2-3,1-2,1. FC Nürnberg (34)
?,(Sat) 4 May 2002 (W18),VfB Stuttgart (34),4-3,1-1,1. FC Kaiserslautern (34)
