Round,Date,Team 1,FT,HT,Team 2
?,(Fri) 11 Aug 1995 (W32),Borussia Dortmund (1),1-1,0-0,1. FC Kaiserslautern (1)
?,(Fri) 11 Aug 1995 (W32),VfB Stuttgart (1),0-0,0-0,KFC Uerdingen (1)
?,(Fri) 11 Aug 1995 (W32),Werder Bremen (1),1-1,1-1,Fortuna Düsseldorf (1)
?,(Sat) 12 Aug 1995 (W32),Bayern München (1),3-2,1-1,Hamburger SV (1)
?,(Sat) 12 Aug 1995 (W32),Eintracht Frankfurt (1),2-2,1-1,Karlsruher SC (1)
?,(Sat) 12 Aug 1995 (W32),1. FC Köln (1),0-1,0-0,FC Schalke 04 (1)
?,(Sat) 12 Aug 1995 (W32),Hansa Rostock (1),1-2,0-2,Bayer 04 Leverkusen (1)
?,(Sat) 12 Aug 1995 (W32),FC St. Pauli (1),4-2,1-1,TSV 1860 München (1)
?,(Sun) 13 Aug 1995 (W32),Bor. Mönchengladbach (1),1-0,0-0,SC Freiburg (1)
?,(Fri) 18 Aug 1995 (W33),SC Freiburg (2),0-2,0-0,FC St. Pauli (2)
?,(Fri) 18 Aug 1995 (W33),Hamburger SV (2),3-3,2-1,Werder Bremen (2)
?,(Fri) 18 Aug 1995 (W33),FC Schalke 04 (2),1-3,0-1,Hansa Rostock (2)
?,(Sat) 19 Aug 1995 (W33),1. FC Kaiserslautern (2),1-3,0-1,Bor. Mönchengladbach (2)
?,(Sat) 19 Aug 1995 (W33),Karlsruher SC (2),2-6,1-3,Bayern München (2)
?,(Sat) 19 Aug 1995 (W33),Bayer 04 Leverkusen (2),1-1,0-0,Borussia Dortmund (2)
?,(Sat) 19 Aug 1995 (W33),TSV 1860 München (2),1-1,1-0,VfB Stuttgart (2)
?,(Sat) 19 Aug 1995 (W33),KFC Uerdingen (2),1-1,0-1,Eintracht Frankfurt (2)
?,(Sun) 20 Aug 1995 (W33),Fortuna Düsseldorf (2),1-1,1-0,1. FC Köln (2)
?,(Tue) 29 Aug 1995 (W35),1. FC Köln (3),3-2,1-0,Hamburger SV (3)
?,(Tue) 29 Aug 1995 (W35),Hansa Rostock (3),3-2,1-1,Borussia Dortmund (3)
?,(Tue) 29 Aug 1995 (W35),Bor. Mönchengladbach (3),0-0,0-0,Bayer 04 Leverkusen (3)
?,(Tue) 29 Aug 1995 (W35),FC St. Pauli (3),1-2,0-2,1. FC Kaiserslautern (3)
?,(Tue) 29 Aug 1995 (W35),Werder Bremen (3),1-0,0-0,Karlsruher SC (3)
?,(Wed) 30 Aug 1995 (W35),Bayern München (3),2-0,1-0,KFC Uerdingen (3)
?,(Wed) 30 Aug 1995 (W35),Eintracht Frankfurt (3),4-2,0-0,TSV 1860 München (3)
?,(Wed) 30 Aug 1995 (W35),FC Schalke 04 (3),1-1,0-1,Fortuna Düsseldorf (3)
?,(Wed) 30 Aug 1995 (W35),VfB Stuttgart (3),3-1,2-1,SC Freiburg (3)
?,(Fri) 1 Sep 1995 (W35),Borussia Dortmund (4),2-1,0-1,Bor. Mönchengladbach (4)
?,(Fri) 1 Sep 1995 (W35),Karlsruher SC (4),1-0,0-0,1. FC Köln (4)
?,(Sat) 2 Sep 1995 (W35),Fortuna Düsseldorf (4),2-2,0-1,Hansa Rostock (4)
?,(Sat) 2 Sep 1995 (W35),SC Freiburg (4),2-0,1-0,Eintracht Frankfurt (4)
?,(Sat) 2 Sep 1995 (W35),Hamburger SV (4),1-1,0-1,FC Schalke 04 (4)
?,(Sat) 2 Sep 1995 (W35),1. FC Kaiserslautern (4),1-1,1-0,VfB Stuttgart (4)
?,(Sat) 2 Sep 1995 (W35),Bayer 04 Leverkusen (4),1-1,0-0,FC St. Pauli (4)
?,(Sat) 2 Sep 1995 (W35),TSV 1860 München (4),0-2,0-0,Bayern München (4)
?,(Sat) 2 Sep 1995 (W35),KFC Uerdingen (4),3-0,1-0,Werder Bremen (4)
?,(Fri) 8 Sep 1995 (W36),1. FC Köln (5),0-0,0-0,KFC Uerdingen (5)
?,(Fri) 8 Sep 1995 (W36),Werder Bremen (5),2-0,0-0,TSV 1860 München (5)
?,(Sat) 9 Sep 1995 (W36),Bayern München (5),2-0,1-0,SC Freiburg (5)
?,(Sat) 9 Sep 1995 (W36),Fortuna Düsseldorf (5),2-2,1-1,Hamburger SV (5)
?,(Sat) 9 Sep 1995 (W36),Eintracht Frankfurt (5),3-1,1-0,1. FC Kaiserslautern (5)
?,(Sat) 9 Sep 1995 (W36),Hansa Rostock (5),2-3,2-2,Bor. Mönchengladbach (5)
?,(Sat) 9 Sep 1995 (W36),FC Schalke 04 (5),2-1,1-0,Karlsruher SC (5)
?,(Sat) 9 Sep 1995 (W36),FC St. Pauli (5),0-3,0-0,Borussia Dortmund (5)
?,(Sat) 9 Sep 1995 (W36),VfB Stuttgart (5),1-4,0-0,Bayer 04 Leverkusen (5)
?,(Fri) 15 Sep 1995 (W37),1. FC Kaiserslautern (6),2-3,1-2,Bayern München (6)
?,(Fri) 15 Sep 1995 (W37),Karlsruher SC (6),3-1,1-1,Fortuna Düsseldorf (6)
?,(Sat) 16 Sep 1995 (W37),Borussia Dortmund (6),6-3,4-1,VfB Stuttgart (6)
?,(Sat) 16 Sep 1995 (W37),SC Freiburg (6),0-1,0-0,Werder Bremen (6)
?,(Sat) 16 Sep 1995 (W37),Bayer 04 Leverkusen (6),2-0,1-0,Eintracht Frankfurt (6)
?,(Sat) 16 Sep 1995 (W37),TSV 1860 München (6),2-1,1-1,1. FC Köln (6)
?,(Sat) 16 Sep 1995 (W37),KFC Uerdingen (6),1-1,0-1,FC Schalke 04 (6)
?,(Sun) 17 Sep 1995 (W37),Hamburger SV (6),1-1,1-1,Hansa Rostock (6)
?,(Sun) 17 Sep 1995 (W37),Bor. Mönchengladbach (6),2-4,0-3,FC St. Pauli (6)
?,(Fri) 22 Sep 1995 (W38),Fortuna Düsseldorf (7),1-0,0-0,KFC Uerdingen (7)
?,(Fri) 22 Sep 1995 (W38),Eintracht Frankfurt (7),3-4,3-2,Borussia Dortmund (7)
?,(Sat) 23 Sep 1995 (W38),Bayern München (7),1-0,0-0,Bayer 04 Leverkusen (7)
?,(Sat) 23 Sep 1995 (W38),1. FC Köln (7),1-1,0-1,SC Freiburg (7)
?,(Sat) 23 Sep 1995 (W38),Hamburger SV (7),0-0,0-0,Karlsruher SC (7)
?,(Sat) 23 Sep 1995 (W38),Hansa Rostock (7),2-0,1-0,FC St. Pauli (7)
?,(Sat) 23 Sep 1995 (W38),VfB Stuttgart (7),5-0,2-0,Bor. Mönchengladbach (7)
?,(Sat) 23 Sep 1995 (W38),Werder Bremen (7),1-1,1-0,1. FC Kaiserslautern (7)
?,(Sun) 24 Sep 1995 (W38),FC Schalke 04 (7),1-1,1-0,TSV 1860 München (7)
?,(Fri) 29 Sep 1995 (W39),FC St. Pauli (8),1-3,1-2,VfB Stuttgart (8)
?,(Fri) 29 Sep 1995 (W39),KFC Uerdingen (8),1-1,0-1,Hamburger SV (8)
?,(Sat) 30 Sep 1995 (W39),SC Freiburg (8),1-2,0-0,FC Schalke 04 (8)
?,(Sat) 30 Sep 1995 (W39),1. FC Kaiserslautern (8),1-1,1-1,1. FC Köln (8)
?,(Sat) 30 Sep 1995 (W39),Karlsruher SC (8),0-2,0-0,Hansa Rostock (8)
?,(Sat) 30 Sep 1995 (W39),Bayer 04 Leverkusen (8),2-2,1-1,Werder Bremen (8)
?,(Sat) 30 Sep 1995 (W39),TSV 1860 München (8),2-1,1-1,Fortuna Düsseldorf (8)
?,(Sun) 1 Oct 1995 (W39),Borussia Dortmund (8),3-1,1-0,Bayern München (8)
?,(Sun) 1 Oct 1995 (W39),Bor. Mönchengladbach (8),4-1,2-1,Eintracht Frankfurt (8)
?,(Fri) 13 Oct 1995 (W41),Hansa Rostock (9),3-3,2-1,VfB Stuttgart (9)
?,(Fri) 13 Oct 1995 (W41),FC Schalke 04 (9),1-1,0-1,1. FC Kaiserslautern (9)
?,(Sat) 14 Oct 1995 (W41),Bayern München (9),1-2,0-1,Bor. Mönchengladbach (9)
?,(Sat) 14 Oct 1995 (W41),Fortuna Düsseldorf (9),0-0,0-0,SC Freiburg (9)
?,(Sat) 14 Oct 1995 (W41),Eintracht Frankfurt (9),2-2,0-0,FC St. Pauli (9)
?,(Sat) 14 Oct 1995 (W41),Hamburger SV (9),2-2,0-0,TSV 1860 München (9)
?,(Sat) 14 Oct 1995 (W41),Karlsruher SC (9),2-0,0-0,KFC Uerdingen (9)
?,(Sat) 14 Oct 1995 (W41),Werder Bremen (9),2-2,1-1,Borussia Dortmund (9)
?,(Sun) 15 Oct 1995 (W41),1. FC Köln (9),2-2,1-2,Bayer 04 Leverkusen (9)
?,(Fri) 20 Oct 1995 (W42),Bayer 04 Leverkusen (10),0-0,0-0,FC Schalke 04 (10)
?,(Fri) 20 Oct 1995 (W42),KFC Uerdingen (10),1-1,0-1,Hansa Rostock (10)
?,(Sat) 21 Oct 1995 (W42),Borussia Dortmund (10),3-0,0-0,1. FC Köln (10)
?,(Sat) 21 Oct 1995 (W42),SC Freiburg (10),0-3,0-2,Hamburger SV (10)
?,(Sat) 21 Oct 1995 (W42),1. FC Kaiserslautern (10),2-0,1-0,Fortuna Düsseldorf (10)
?,(Sat) 21 Oct 1995 (W42),TSV 1860 München (10),1-1,0-0,Karlsruher SC (10)
?,(Sat) 21 Oct 1995 (W42),FC St. Pauli (10),0-1,0-1,Bayern München (10)
?,(Sat) 21 Oct 1995 (W42),VfB Stuttgart (10),3-2,1-1,Eintracht Frankfurt (10)
?,(Sun) 22 Oct 1995 (W42),Bor. Mönchengladbach (10),1-0,0-0,Werder Bremen (10)
?,(Fri) 27 Oct 1995 (W43),1. FC Köln (11),0-2,0-1,Bor. Mönchengladbach (11)
?,(Fri) 27 Oct 1995 (W43),Karlsruher SC (11),1-1,1-0,SC Freiburg (11)
?,(Sat) 28 Oct 1995 (W43),Bayern München (11),5-3,1-0,VfB Stuttgart (11)
?,(Sat) 28 Oct 1995 (W43),Fortuna Düsseldorf (11),1-1,0-1,Bayer 04 Leverkusen (11)
?,(Sat) 28 Oct 1995 (W43),Hamburger SV (11),1-0,1-0,1. FC Kaiserslautern (11)
?,(Sat) 28 Oct 1995 (W43),Hansa Rostock (11),1-1,0-1,Eintracht Frankfurt (11)
?,(Sat) 28 Oct 1995 (W43),FC Schalke 04 (11),1-2,1-1,Borussia Dortmund (11)
?,(Sat) 28 Oct 1995 (W43),Werder Bremen (11),1-1,1-0,FC St. Pauli (11)
?,(Sun) 29 Oct 1995 (W43),KFC Uerdingen (11),2-0,2-0,TSV 1860 München (11)
?,(Fri) 3 Nov 1995 (W44),Bayer 04 Leverkusen (12),0-1,0-1,Hamburger SV (12)
?,(Fri) 3 Nov 1995 (W44),FC St. Pauli (12),3-3,0-1,1. FC Köln (12)
?,(Sat) 4 Nov 1995 (W44),Borussia Dortmund (12),3-0,2-0,Fortuna Düsseldorf (12)
?,(Sat) 4 Nov 1995 (W44),Eintracht Frankfurt (12),4-1,2-0,Bayern München (12)
?,(Sat) 4 Nov 1995 (W44),SC Freiburg (12),1-1,0-1,KFC Uerdingen (12)
?,(Sat) 4 Nov 1995 (W44),1. FC Kaiserslautern (12),2-2,1-1,Karlsruher SC (12)
?,(Sat) 4 Nov 1995 (W44),TSV 1860 München (12),1-1,1-0,Hansa Rostock (12)
?,(Sat) 4 Nov 1995 (W44),VfB Stuttgart (12),1-1,0-0,Werder Bremen (12)
?,(Sun) 5 Nov 1995 (W44),Bor. Mönchengladbach (12),4-1,1-1,FC Schalke 04 (12)
?,(Fri) 10 Nov 1995 (W45),Hamburger SV (13),2-2,0-2,Borussia Dortmund (13)
?,(Fri) 10 Nov 1995 (W45),Hansa Rostock (13),0-0,0-0,Bayern München (13)
?,(Fri) 10 Nov 1995 (W45),KFC Uerdingen (13),1-1,0-0,1. FC Kaiserslautern (13)
?,(Sat) 11 Nov 1995 (W45),Fortuna Düsseldorf (13),3-2,1-1,Bor. Mönchengladbach (13)
?,(Sat) 11 Nov 1995 (W45),1. FC Köln (13),2-2,0-0,VfB Stuttgart (13)
?,(Sat) 11 Nov 1995 (W45),Karlsruher SC (13),1-4,0-2,Bayer 04 Leverkusen (13)
?,(Sat) 11 Nov 1995 (W45),TSV 1860 München (13),3-0,1-0,SC Freiburg (13)
?,(Sat) 11 Nov 1995 (W45),FC Schalke 04 (13),2-0,1-0,FC St. Pauli (13)
?,(Sat) 11 Nov 1995 (W45),Werder Bremen (13),1-1,1-0,Eintracht Frankfurt (13)
?,(Fri) 17 Nov 1995 (W46),Bor. Mönchengladbach (14),1-2,0-2,Hamburger SV (14)
?,(Fri) 17 Nov 1995 (W46),FC St. Pauli (14),2-1,2-1,Fortuna Düsseldorf (14)
?,(Sat) 18 Nov 1995 (W46),Bayern München (14),2-0,1-0,Werder Bremen (14)
?,(Sat) 18 Nov 1995 (W46),Borussia Dortmund (14),4-1,1-0,Karlsruher SC (14)
?,(Sat) 18 Nov 1995 (W46),Eintracht Frankfurt (14),1-0,0-0,1. FC Köln (14)
?,(Sat) 18 Nov 1995 (W46),SC Freiburg (14),2-1,1-1,Hansa Rostock (14)
?,(Sat) 18 Nov 1995 (W46),1. FC Kaiserslautern (14),0-0,0-0,TSV 1860 München (14)
?,(Sat) 18 Nov 1995 (W46),Bayer 04 Leverkusen (14),2-1,1-0,KFC Uerdingen (14)
?,(Sun) 19 Nov 1995 (W46),VfB Stuttgart (14),2-2,1-1,FC Schalke 04 (14)
?,(Fri) 24 Nov 1995 (W47),Fortuna Düsseldorf (15),1-2,1-0,VfB Stuttgart (15)
?,(Fri) 24 Nov 1995 (W47),Hamburger SV (15),1-0,1-0,FC St. Pauli (15)
?,(Sat) 25 Nov 1995 (W47),1. FC Kaiserslautern (15),1-2,0-0,SC Freiburg (15)
?,(Sat) 25 Nov 1995 (W47),Karlsruher SC (15),4-0,1-0,Bor. Mönchengladbach (15)
?,(Sat) 25 Nov 1995 (W47),TSV 1860 München (15),0-1,0-0,Bayer 04 Leverkusen (15)
?,(Sat) 25 Nov 1995 (W47),FC Schalke 04 (15),2-0,1-0,Eintracht Frankfurt (15)
?,(Sat) 25 Nov 1995 (W47),KFC Uerdingen (15),0-2,0-0,Borussia Dortmund (15)
?,(Sat) 25 Nov 1995 (W47),Werder Bremen (15),0-2,0-1,Hansa Rostock (15)
?,(Sun) 26 Nov 1995 (W47),1. FC Köln (15),0-0,0-0,Bayern München (15)
?,(Fri) 1 Dec 1995 (W48),Borussia Dortmund (16),3-1,1-1,TSV 1860 München (16)
?,(Fri) 1 Dec 1995 (W48),Bayer 04 Leverkusen (16),0-1,0-1,SC Freiburg (16)
?,(Fri) 1 Dec 1995 (W48),Werder Bremen (16),0-1,0-0,1. FC Köln (16)
?,(Sat) 2 Dec 1995 (W48),Bayern München (16),4-0,1-0,FC Schalke 04 (16)
?,(Sat) 2 Dec 1995 (W48),Eintracht Frankfurt (16),3-0,3-0,Fortuna Düsseldorf (16)
?,(Sat) 2 Dec 1995 (W48),Hansa Rostock (16),3-0,2-0,1. FC Kaiserslautern (16)
?,(Sat) 2 Dec 1995 (W48),Bor. Mönchengladbach (16),2-1,2-1,KFC Uerdingen (16)
?,(Sat) 2 Dec 1995 (W48),FC St. Pauli (16),1-1,1-1,Karlsruher SC (16)
?,(Sat) 2 Dec 1995 (W48),VfB Stuttgart (16),3-0,1-0,Hamburger SV (16)
?,(Fri) 8 Dec 1995 (W49),Hamburger SV (17),5-1,4-0,Eintracht Frankfurt (17)
?,(Fri) 8 Dec 1995 (W49),KFC Uerdingen (17),2-5,2-2,FC St. Pauli (17)
?,(Sat) 9 Dec 1995 (W49),Fortuna Düsseldorf (17),0-2,0-0,Bayern München (17)
?,(Sat) 9 Dec 1995 (W49),SC Freiburg (17),0-1,0-0,Borussia Dortmund (17)
?,(Sat) 9 Dec 1995 (W49),1. FC Kaiserslautern (17),1-0,0-0,Bayer 04 Leverkusen (17)
?,(Sat) 9 Dec 1995 (W49),Karlsruher SC (17),1-2,0-1,VfB Stuttgart (17)
?,(Sat) 9 Dec 1995 (W49),TSV 1860 München (17),4-0,2-0,Bor. Mönchengladbach (17)
?,(Sat) 9 Dec 1995 (W49),FC Schalke 04 (17),2-1,0-0,Werder Bremen (17)
?,(Sun) 10 Dec 1995 (W49),1. FC Köln (17),3-0,1-0,Hansa Rostock (17)
?,(Fri) 9 Feb 1996 (W6),SC Freiburg (18),0-0,0-0,Bor. Mönchengladbach (18)
?,(Sat) 10 Feb 1996 (W6),1. FC Kaiserslautern (18),1-1,1-1,Borussia Dortmund (18)
?,(Sat) 10 Feb 1996 (W6),Karlsruher SC (18),1-1,0-1,Eintracht Frankfurt (18)
?,(Sat) 10 Feb 1996 (W6),TSV 1860 München (18),2-0,1-0,FC St. Pauli (18)
?,(Sun) 11 Feb 1996 (W6),Hamburger SV (18),2-1,0-1,Bayern München (18)
?,(Wed) 14 Feb 1996 (W7),1. FC Köln (18),0-0,0-0,Fortuna Düsseldorf (18)
?,(Fri) 16 Feb 1996 (W7),Eintracht Frankfurt (19),1-0,1-0,KFC Uerdingen (18)
?,(Sat) 17 Feb 1996 (W7),Bayern München (19),1-4,0-1,Karlsruher SC (19)
?,(Sat) 17 Feb 1996 (W7),VfB Stuttgart (18),2-3,2-2,TSV 1860 München (19)
?,(Fri) 23 Feb 1996 (W8),1. FC Kaiserslautern (19),0-0,0-0,FC St. Pauli (19)
?,(Fri) 23 Feb 1996 (W8),Bayer 04 Leverkusen (18),0-0,0-0,Bor. Mönchengladbach (19)
?,(Sat) 24 Feb 1996 (W8),Borussia Dortmund (19),1-2,0-1,Hansa Rostock (18)
?,(Sat) 24 Feb 1996 (W8),Fortuna Düsseldorf (19),2-0,1-0,FC Schalke 04 (18)
?,(Sat) 24 Feb 1996 (W8),SC Freiburg (19),2-1,1-0,VfB Stuttgart (19)
?,(Sat) 24 Feb 1996 (W8),Karlsruher SC (20),1-1,1-1,Werder Bremen (18)
?,(Sat) 24 Feb 1996 (W8),TSV 1860 München (20),3-1,2-0,Eintracht Frankfurt (20)
?,(Sun) 25 Feb 1996 (W8),KFC Uerdingen (19),1-6,0-1,Bayern München (20)
?,(Fri) 1 Mar 1996 (W9),Werder Bremen (19),1-0,1-0,KFC Uerdingen (20)
?,(Sat) 2 Mar 1996 (W9),Bayern München (21),4-2,4-1,TSV 1860 München (21)
?,(Sat) 2 Mar 1996 (W9),Eintracht Frankfurt (21),0-1,0-0,SC Freiburg (20)
?,(Sat) 2 Mar 1996 (W9),1. FC Köln (19),0-1,0-0,Karlsruher SC (21)
?,(Sat) 2 Mar 1996 (W9),Bor. Mönchengladbach (20),2-2,1-0,Borussia Dortmund (20)
?,(Sat) 2 Mar 1996 (W9),FC Schalke 04 (19),3-0,2-0,Hamburger SV (19)
?,(Sat) 2 Mar 1996 (W9),VfB Stuttgart (20),2-0,0-0,1. FC Kaiserslautern (20)
?,(Sun) 3 Mar 1996 (W9),Hansa Rostock (19),0-0,0-0,Fortuna Düsseldorf (20)
?,(Tue) 5 Mar 1996 (W10),FC Schalke 04 (20),0-0,0-0,1. FC Köln (20)
?,(Tue) 5 Mar 1996 (W10),FC St. Pauli (20),1-1,1-0,SC Freiburg (21)
?,(Tue) 5 Mar 1996 (W10),Werder Bremen (20),2-1,2-1,Hamburger SV (20)
?,(Fri) 8 Mar 1996 (W10),Hamburger SV (21),4-1,0-0,Fortuna Düsseldorf (21)
?,(Fri) 8 Mar 1996 (W10),Bayer 04 Leverkusen (19),0-0,0-0,VfB Stuttgart (21)
?,(Sat) 9 Mar 1996 (W10),Borussia Dortmund (21),1-0,0-0,FC St. Pauli (21)
?,(Sat) 9 Mar 1996 (W10),SC Freiburg (22),3-1,1-1,Bayern München (22)
?,(Sat) 9 Mar 1996 (W10),1. FC Kaiserslautern (21),1-1,0-0,Eintracht Frankfurt (22)
?,(Sat) 9 Mar 1996 (W10),Karlsruher SC (22),0-1,0-1,FC Schalke 04 (21)
?,(Sat) 9 Mar 1996 (W10),TSV 1860 München (22),1-1,1-0,Werder Bremen (21)
?,(Sat) 9 Mar 1996 (W10),KFC Uerdingen (21),1-1,1-0,1. FC Köln (21)
?,(Sun) 10 Mar 1996 (W10),Bor. Mönchengladbach (21),3-2,2-1,Hansa Rostock (20)
?,(Tue) 12 Mar 1996 (W11),Fortuna Düsseldorf (22),1-1,0-0,Werder Bremen (22)
?,(Fri) 15 Mar 1996 (W11),1. FC Köln (22),2-0,0-0,TSV 1860 München (23)
?,(Fri) 15 Mar 1996 (W11),Werder Bremen (23),0-2,0-0,SC Freiburg (23)
?,(Sat) 16 Mar 1996 (W11),Bayern München (23),2-0,1-0,1. FC Kaiserslautern (22)
?,(Sat) 16 Mar 1996 (W11),Eintracht Frankfurt (23),1-1,0-0,Bayer 04 Leverkusen (20)
?,(Sat) 16 Mar 1996 (W11),FC Schalke 04 (22),1-1,0-0,KFC Uerdingen (22)
?,(Sat) 16 Mar 1996 (W11),FC St. Pauli (22),0-2,0-0,Bor. Mönchengladbach (22)
?,(Sat) 16 Mar 1996 (W11),VfB Stuttgart (22),0-5,0-2,Borussia Dortmund (22)
?,(Sun) 17 Mar 1996 (W11),Fortuna Düsseldorf (23),2-0,1-0,Karlsruher SC (23)
?,(Tue) 19 Mar 1996 (W12),Hamburger SV (22),0-0,0-0,1. FC Köln (23)
?,(Tue) 19 Mar 1996 (W12),Bayer 04 Leverkusen (21),2-0,1-0,Hansa Rostock (21)
?,(Tue) 19 Mar 1996 (W12),KFC Uerdingen (23),3-4,1-1,VfB Stuttgart (23)
?,(Fri) 22 Mar 1996 (W12),Karlsruher SC (24),3-1,2-1,Hamburger SV (23)
?,(Fri) 22 Mar 1996 (W12),TSV 1860 München (24),1-1,1-0,FC Schalke 04 (23)
?,(Sat) 23 Mar 1996 (W12),Borussia Dortmund (23),6-0,2-0,Eintracht Frankfurt (24)
?,(Sat) 23 Mar 1996 (W12),SC Freiburg (24),2-0,0-0,1. FC Köln (24)
?,(Sat) 23 Mar 1996 (W12),1. FC Kaiserslautern (23),0-0,0-0,Werder Bremen (24)
?,(Sat) 23 Mar 1996 (W12),Bayer 04 Leverkusen (22),1-2,1-1,Bayern München (24)
?,(Sat) 23 Mar 1996 (W12),KFC Uerdingen (24),1-3,1-1,Fortuna Düsseldorf (24)
?,(Sun) 24 Mar 1996 (W12),Bor. Mönchengladbach (23),1-1,0-1,VfB Stuttgart (24)
?,(Sun) 24 Mar 1996 (W12),FC St. Pauli (23),3-2,2-1,Hansa Rostock (22)
?,(Fri) 29 Mar 1996 (W13),1. FC Köln (25),0-1,0-1,1. FC Kaiserslautern (24)
?,(Fri) 29 Mar 1996 (W13),Hamburger SV (24),0-0,0-0,KFC Uerdingen (25)
?,(Sat) 30 Mar 1996 (W13),Bayern München (25),1-0,1-0,Borussia Dortmund (24)
?,(Sat) 30 Mar 1996 (W13),Eintracht Frankfurt (25),0-2,0-2,Bor. Mönchengladbach (24)
?,(Sat) 30 Mar 1996 (W13),Hansa Rostock (23),1-1,0-0,Karlsruher SC (25)
?,(Sat) 30 Mar 1996 (W13),FC Schalke 04 (24),3-0,1-0,SC Freiburg (25)
?,(Sat) 30 Mar 1996 (W13),VfB Stuttgart (25),1-1,1-0,FC St. Pauli (24)
?,(Sat) 30 Mar 1996 (W13),Werder Bremen (25),2-1,1-0,Bayer 04 Leverkusen (23)
?,(Sun) 31 Mar 1996 (W13),Fortuna Düsseldorf (25),1-1,0-0,TSV 1860 München (25)
?,(Tue) 2 Apr 1996 (W14),FC St. Pauli (25),2-1,0-0,Bayer 04 Leverkusen (24)
?,(Thu) 4 Apr 1996 (W14),1. FC Kaiserslautern (25),0-0,0-0,FC Schalke 04 (25)
?,(Thu) 4 Apr 1996 (W14),VfB Stuttgart (26),1-1,1-0,Hansa Rostock (24)
?,(Thu) 4 Apr 1996 (W14),KFC Uerdingen (26),2-3,1-0,Karlsruher SC (26)
?,(Sat) 6 Apr 1996 (W14),Borussia Dortmund (25),1-1,1-1,Werder Bremen (26)
?,(Sat) 6 Apr 1996 (W14),SC Freiburg (26),1-1,1-0,Fortuna Düsseldorf (26)
?,(Sat) 6 Apr 1996 (W14),Bayer 04 Leverkusen (25),1-2,1-1,1. FC Köln (26)
?,(Sat) 6 Apr 1996 (W14),TSV 1860 München (26),5-0,2-0,Hamburger SV (25)
?,(Sat) 6 Apr 1996 (W14),FC St. Pauli (26),2-1,1-1,Eintracht Frankfurt (26)
?,(Sun) 7 Apr 1996 (W14),Bor. Mönchengladbach (25),3-1,2-1,Bayern München (26)
?,(Tue) 9 Apr 1996 (W15),Eintracht Frankfurt (27),2-2,2-2,VfB Stuttgart (27)
?,(Tue) 9 Apr 1996 (W15),1. FC Köln (27),0-0,0-0,Borussia Dortmund (26)
?,(Tue) 9 Apr 1996 (W15),Hansa Rostock (25),1-0,0-0,KFC Uerdingen (27)
?,(Tue) 9 Apr 1996 (W15),Karlsruher SC (27),1-1,1-0,TSV 1860 München (27)
?,(Tue) 9 Apr 1996 (W15),FC Schalke 04 (26),1-1,0-1,Bayer 04 Leverkusen (26)
?,(Wed) 10 Apr 1996 (W15),Bayern München (27),1-1,0-1,FC St. Pauli (27)
?,(Wed) 10 Apr 1996 (W15),Fortuna Düsseldorf (27),2-1,0-1,1. FC Kaiserslautern (26)
?,(Wed) 10 Apr 1996 (W15),Hamburger SV (26),0-0,0-0,SC Freiburg (27)
?,(Wed) 10 Apr 1996 (W15),Werder Bremen (27),2-0,1-0,Bor. Mönchengladbach (26)
?,(Fri) 12 Apr 1996 (W15),Eintracht Frankfurt (28),1-3,1-1,Hansa Rostock (26)
?,(Fri) 12 Apr 1996 (W15),TSV 1860 München (28),2-1,0-1,KFC Uerdingen (28)
?,(Sat) 13 Apr 1996 (W15),Borussia Dortmund (27),0-0,0-0,FC Schalke 04 (27)
?,(Sat) 13 Apr 1996 (W15),SC Freiburg (28),0-3,0-2,Karlsruher SC (28)
?,(Sat) 13 Apr 1996 (W15),1. FC Kaiserslautern (27),1-2,0-1,Hamburger SV (27)
?,(Sat) 13 Apr 1996 (W15),Bor. Mönchengladbach (27),2-1,1-0,1. FC Köln (28)
?,(Sat) 13 Apr 1996 (W15),FC St. Pauli (28),1-2,0-1,Werder Bremen (28)
?,(Sat) 13 Apr 1996 (W15),VfB Stuttgart (28),0-1,0-0,Bayern München (28)
?,(Sun) 14 Apr 1996 (W15),Bayer 04 Leverkusen (27),0-0,0-0,Fortuna Düsseldorf (28)
?,(Tue) 16 Apr 1996 (W16),Bor. Mönchengladbach (28),1-1,1-0,1. FC Kaiserslautern (28)
?,(Wed) 17 Apr 1996 (W16),Hansa Rostock (27),2-0,2-0,Hamburger SV (28)
?,(Fri) 19 Apr 1996 (W16),Karlsruher SC (29),0-0,0-0,1. FC Kaiserslautern (29)
?,(Fri) 19 Apr 1996 (W16),KFC Uerdingen (29),3-1,1-0,SC Freiburg (29)
?,(Sat) 20 Apr 1996 (W16),Bayern München (29),1-1,0-1,Eintracht Frankfurt (29)
?,(Sat) 20 Apr 1996 (W16),Fortuna Düsseldorf (29),1-2,1-2,Borussia Dortmund (28)
?,(Sat) 20 Apr 1996 (W16),1. FC Köln (29),1-0,0-0,FC St. Pauli (29)
?,(Sat) 20 Apr 1996 (W16),Hansa Rostock (28),0-3,0-1,TSV 1860 München (29)
?,(Sat) 20 Apr 1996 (W16),Werder Bremen (29),2-2,1-0,VfB Stuttgart (29)
?,(Sun) 21 Apr 1996 (W16),FC Schalke 04 (28),3-3,1-2,Bor. Mönchengladbach (29)
?,(Wed) 24 Apr 1996 (W17),Hamburger SV (29),2-2,1-1,Bayer 04 Leverkusen (28)
?,(Fri) 26 Apr 1996 (W17),1. FC Kaiserslautern (30),3-0,2-0,KFC Uerdingen (30)
?,(Fri) 26 Apr 1996 (W17),FC St. Pauli (30),2-0,2-0,FC Schalke 04 (29)
?,(Sat) 27 Apr 1996 (W17),Bayern München (30),0-1,0-0,Hansa Rostock (29)
?,(Sat) 27 Apr 1996 (W17),Borussia Dortmund (29),1-1,1-1,Hamburger SV (30)
?,(Sat) 27 Apr 1996 (W17),Eintracht Frankfurt (30),1-0,0-0,Werder Bremen (30)
?,(Sat) 27 Apr 1996 (W17),SC Freiburg (30),1-0,0-0,TSV 1860 München (30)
?,(Sat) 27 Apr 1996 (W17),Bayer 04 Leverkusen (29),1-2,1-1,Karlsruher SC (30)
?,(Sat) 27 Apr 1996 (W17),VfB Stuttgart (30),0-1,0-0,1. FC Köln (30)
?,(Sun) 28 Apr 1996 (W17),Bor. Mönchengladbach (30),1-1,0-1,Fortuna Düsseldorf (30)
?,(Tue) 30 Apr 1996 (W18),Hansa Rostock (30),1-0,0-0,SC Freiburg (31)
?,(Tue) 30 Apr 1996 (W18),Karlsruher SC (31),5-0,1-0,Borussia Dortmund (30)
?,(Tue) 30 Apr 1996 (W18),FC Schalke 04 (30),2-0,0-0,VfB Stuttgart (31)
?,(Tue) 30 Apr 1996 (W18),KFC Uerdingen (31),3-0,1-0,Bayer 04 Leverkusen (30)
?,(Wed) 1 May 1996 (W18),Fortuna Düsseldorf (31),2-0,1-0,FC St. Pauli (31)
?,(Wed) 1 May 1996 (W18),1. FC Köln (31),3-0,1-0,Eintracht Frankfurt (31)
?,(Wed) 1 May 1996 (W18),Hamburger SV (31),2-1,1-0,Bor. Mönchengladbach (31)
?,(Fri) 3 May 1996 (W18),Borussia Dortmund (31),5-0,4-0,KFC Uerdingen (32)
?,(Fri) 3 May 1996 (W18),SC Freiburg (32),0-0,0-0,1. FC Kaiserslautern (31)
?,(Sat) 4 May 1996 (W18),Bayern München (31),3-2,1-0,1. FC Köln (32)
?,(Sat) 4 May 1996 (W18),Eintracht Frankfurt (32),0-3,0-1,FC Schalke 04 (31)
?,(Sat) 4 May 1996 (W18),Hansa Rostock (31),2-1,0-0,Werder Bremen (31)
?,(Sat) 4 May 1996 (W18),Bayer 04 Leverkusen (31),2-1,1-0,TSV 1860 München (31)
?,(Sat) 4 May 1996 (W18),Bor. Mönchengladbach (32),1-2,0-1,Karlsruher SC (32)
?,(Sat) 4 May 1996 (W18),VfB Stuttgart (32),2-3,0-0,Fortuna Düsseldorf (32)
?,(Sun) 5 May 1996 (W18),FC St. Pauli (32),1-1,1-0,Hamburger SV (32)
?,(Tue) 7 May 1996 (W19),Borussia Dortmund (32),2-0,1-0,Bayer 04 Leverkusen (32)
?,(Tue) 7 May 1996 (W19),Hansa Rostock (32),1-2,1-0,FC Schalke 04 (32)
?,(Tue) 7 May 1996 (W19),TSV 1860 München (32),1-1,1-1,1. FC Kaiserslautern (32)
?,(Tue) 7 May 1996 (W19),Werder Bremen (32),3-2,1-2,Bayern München (32)
?,(Sat) 11 May 1996 (W19),Fortuna Düsseldorf (33),2-2,2-0,Eintracht Frankfurt (33)
?,(Sat) 11 May 1996 (W19),1. FC Köln (33),1-2,1-0,Werder Bremen (33)
?,(Sat) 11 May 1996 (W19),SC Freiburg (33),2-1,2-0,Bayer 04 Leverkusen (33)
?,(Sat) 11 May 1996 (W19),Hamburger SV (33),3-0,1-0,VfB Stuttgart (33)
?,(Sat) 11 May 1996 (W19),1. FC Kaiserslautern (33),2-0,2-0,Hansa Rostock (33)
?,(Sat) 11 May 1996 (W19),Karlsruher SC (33),2-2,0-1,FC St. Pauli (33)
?,(Sat) 11 May 1996 (W19),TSV 1860 München (33),2-2,0-1,Borussia Dortmund (33)
?,(Sat) 11 May 1996 (W19),FC Schalke 04 (33),2-1,1-1,Bayern München (33)
?,(Sat) 11 May 1996 (W19),KFC Uerdingen (33),0-2,0-2,Bor. Mönchengladbach (33)
?,(Sat) 18 May 1996 (W20),Bayern München (34),2-2,0-2,Fortuna Düsseldorf (34)
?,(Sat) 18 May 1996 (W20),Borussia Dortmund (34),3-2,0-0,SC Freiburg (34)
?,(Sat) 18 May 1996 (W20),Eintracht Frankfurt (34),1-4,0-1,Hamburger SV (34)
?,(Sat) 18 May 1996 (W20),Hansa Rostock (34),0-1,0-0,1. FC Köln (34)
?,(Sat) 18 May 1996 (W20),Bayer 04 Leverkusen (34),1-1,0-0,1. FC Kaiserslautern (34)
?,(Sat) 18 May 1996 (W20),Bor. Mönchengladbach (34),0-2,0-0,TSV 1860 München (34)
?,(Sat) 18 May 1996 (W20),FC St. Pauli (34),0-2,0-2,KFC Uerdingen (34)
?,(Sat) 18 May 1996 (W20),VfB Stuttgart (34),3-1,2-1,Karlsruher SC (34)
?,(Sat) 18 May 1996 (W20),Werder Bremen (34),1-2,1-0,FC Schalke 04 (34)
