Round,Date,Team 1,FT,HT,Team 2
1,(Fri) 13 Aug 1999 (W32),MSV Duisburg (1),0-0,0-0,Bayer 04 Leverkusen (1)
1,(Fri) 13 Aug 1999 (W32),VfL Wolfsburg (1),2-1,0-1,TSV 1860 München (1)
1,(Sat) 14 Aug 1999 (W32),Bayern München (1),2-2,1-1,Hamburger SV (1)
1,(Sat) 14 Aug 1999 (W32),Eintracht Frankfurt (1),3-0,1-0,SpVgg Unterhaching (1)
1,(Sat) 14 Aug 1999 (W32),1. FC Kaiserslautern (1),1-0,0-0,Borussia Dortmund (1)
1,(Sat) 14 Aug 1999 (W32),FC Schalke 04 (1),1-1,1-0,Arminia Bielefeld (1)
1,(Sat) 14 Aug 1999 (W32),VfB Stuttgart (1),0-0,0-0,Werder Bremen (1)
1,(Sun) 15 Aug 1999 (W32),Hertha BSC (1),5-2,2-1,Hansa Rostock (1)
1,(Sun) 15 Aug 1999 (W32),SSV Ulm 1846 (1),1-1,0-1,SC Freiburg (1)
2,(Fri) 20 Aug 1999 (W33),Arminia Bielefeld (2),1-1,0-0,Hertha BSC (2)
2,(Fri) 20 Aug 1999 (W33),SpVgg Unterhaching (2),2-0,0-0,MSV Duisburg (2)
2,(Sat) 21 Aug 1999 (W33),Borussia Dortmund (2),2-1,0-0,VfL Wolfsburg (2)
2,(Sat) 21 Aug 1999 (W33),SC Freiburg (2),2-3,1-0,Eintracht Frankfurt (2)
2,(Sat) 21 Aug 1999 (W33),Hamburger SV (2),3-0,1-0,VfB Stuttgart (2)
2,(Sat) 21 Aug 1999 (W33),TSV 1860 München (2),4-1,4-1,SSV Ulm 1846 (2)
2,(Sat) 21 Aug 1999 (W33),Werder Bremen (2),0-1,0-0,FC Schalke 04 (2)
2,(Sun) 22 Aug 1999 (W33),Hansa Rostock (2),4-2,4-2,1. FC Kaiserslautern (2)
2,(Sun) 22 Aug 1999 (W33),Bayer 04 Leverkusen (2),2-0,0-0,Bayern München (2)
3,(Fri) 27 Aug 1999 (W34),1. FC Kaiserslautern (3),0-2,0-0,Arminia Bielefeld (3)
3,(Fri) 27 Aug 1999 (W34),FC Schalke 04 (3),1-3,1-1,Hamburger SV (3)
3,(Sat) 28 Aug 1999 (W34),Bayern München (3),1-0,1-0,SpVgg Unterhaching (3)
3,(Sat) 28 Aug 1999 (W34),SC Freiburg (3),3-0,1-0,TSV 1860 München (3)
3,(Sat) 28 Aug 1999 (W34),Hertha BSC (3),1-1,1-0,Werder Bremen (3)
3,(Sat) 28 Aug 1999 (W34),VfB Stuttgart (3),1-2,1-1,Bayer 04 Leverkusen (3)
3,(Sat) 28 Aug 1999 (W34),VfL Wolfsburg (3),2-0,2-0,Hansa Rostock (3)
3,(Sun) 29 Aug 1999 (W34),Eintracht Frankfurt (3),2-2,1-1,MSV Duisburg (3)
3,(Sun) 29 Aug 1999 (W34),SSV Ulm 1846 (3),0-1,0-1,Borussia Dortmund (3)
4,(Fri) 10 Sep 1999 (W36),Arminia Bielefeld (4),0-0,0-0,VfL Wolfsburg (4)
4,(Fri) 10 Sep 1999 (W36),Hansa Rostock (4),2-1,1-0,SSV Ulm 1846 (4)
4,(Sat) 11 Sep 1999 (W36),Borussia Dortmund (4),1-1,0-1,SC Freiburg (4)
4,(Sat) 11 Sep 1999 (W36),MSV Duisburg (4),1-2,0-2,Bayern München (4)
4,(Sat) 11 Sep 1999 (W36),Hamburger SV (4),5-1,3-0,Hertha BSC (4)
4,(Sat) 11 Sep 1999 (W36),Bayer 04 Leverkusen (4),3-2,0-1,FC Schalke 04 (4)
4,(Sat) 11 Sep 1999 (W36),SpVgg Unterhaching (4),2-0,1-0,VfB Stuttgart (4)
4,(Sun) 12 Sep 1999 (W36),TSV 1860 München (4),2-0,1-0,Eintracht Frankfurt (4)
4,(Sun) 12 Sep 1999 (W36),Werder Bremen (4),5-0,2-0,1. FC Kaiserslautern (4)
5,(Fri) 17 Sep 1999 (W37),SC Freiburg (5),5-0,4-0,Hansa Rostock (5)
5,(Fri) 17 Sep 1999 (W37),TSV 1860 München (5),0-3,0-2,Borussia Dortmund (5)
5,(Sat) 18 Sep 1999 (W37),Eintracht Frankfurt (5),1-2,1-0,Bayern München (5)
5,(Sat) 18 Sep 1999 (W37),Hertha BSC (5),0-0,0-0,Bayer 04 Leverkusen (5)
5,(Sat) 18 Sep 1999 (W37),FC Schalke 04 (5),1-0,0-0,SpVgg Unterhaching (5)
5,(Sat) 18 Sep 1999 (W37),VfB Stuttgart (5),4-2,2-1,MSV Duisburg (5)
5,(Sat) 18 Sep 1999 (W37),SSV Ulm 1846 (5),2-0,2-0,Arminia Bielefeld (5)
5,(Sun) 19 Sep 1999 (W37),1. FC Kaiserslautern (5),2-0,2-0,Hamburger SV (5)
5,(Sun) 19 Sep 1999 (W37),VfL Wolfsburg (5),2-7,2-3,Werder Bremen (5)
6,(Fri) 24 Sep 1999 (W38),Bayern München (6),0-1,0-0,VfB Stuttgart (6)
6,(Fri) 24 Sep 1999 (W38),Hamburger SV (6),2-2,1-1,VfL Wolfsburg (6)
6,(Sat) 25 Sep 1999 (W38),Borussia Dortmund (6),1-0,1-0,Eintracht Frankfurt (6)
6,(Sat) 25 Sep 1999 (W38),MSV Duisburg (6),1-1,0-0,FC Schalke 04 (6)
6,(Sat) 25 Sep 1999 (W38),Hansa Rostock (6),0-0,0-0,TSV 1860 München (6)
6,(Sat) 25 Sep 1999 (W38),SpVgg Unterhaching (6),1-1,0-1,Hertha BSC (6)
6,(Sat) 25 Sep 1999 (W38),Werder Bremen (6),2-2,1-0,SSV Ulm 1846 (6)
6,(Sun) 26 Sep 1999 (W38),Arminia Bielefeld (6),2-1,0-1,SC Freiburg (6)
6,(Sun) 26 Sep 1999 (W38),Bayer 04 Leverkusen (6),3-1,0-1,1. FC Kaiserslautern (6)
7,(Fri) 1 Oct 1999 (W39),Eintracht Frankfurt (7),0-1,0-0,VfB Stuttgart (7)
7,(Fri) 1 Oct 1999 (W39),TSV 1860 München (7),5-0,1-0,Arminia Bielefeld (7)
7,(Sat) 2 Oct 1999 (W39),Borussia Dortmund (7),3-0,0-0,Hansa Rostock (7)
7,(Sat) 2 Oct 1999 (W39),Hertha BSC (7),2-1,0-0,MSV Duisburg (7)
7,(Sat) 2 Oct 1999 (W39),FC Schalke 04 (7),1-1,0-0,Bayern München (7)
7,(Sat) 2 Oct 1999 (W39),SSV Ulm 1846 (7),1-2,0-0,Hamburger SV (7)
7,(Sat) 2 Oct 1999 (W39),VfL Wolfsburg (7),3-1,1-0,Bayer 04 Leverkusen (7)
7,(Sun) 3 Oct 1999 (W39),SC Freiburg (7),2-1,1-0,Werder Bremen (7)
7,(Sun) 3 Oct 1999 (W39),1. FC Kaiserslautern (7),4-2,1-1,SpVgg Unterhaching (7)
8,(Fri) 15 Oct 1999 (W41),Arminia Bielefeld (8),0-2,0-0,Borussia Dortmund (8)
8,(Fri) 15 Oct 1999 (W41),Bayer 04 Leverkusen (8),4-1,3-0,SSV Ulm 1846 (8)
8,(Sat) 16 Oct 1999 (W41),Bayern München (8),3-1,2-0,Hertha BSC (8)
8,(Sat) 16 Oct 1999 (W41),MSV Duisburg (8),2-2,0-2,1. FC Kaiserslautern (8)
8,(Sat) 16 Oct 1999 (W41),Hamburger SV (8),2-0,1-0,SC Freiburg (8)
8,(Sat) 16 Oct 1999 (W41),Hansa Rostock (8),3-1,1-0,Eintracht Frankfurt (8)
8,(Sat) 16 Oct 1999 (W41),Werder Bremen (8),1-3,0-1,TSV 1860 München (8)
8,(Sun) 17 Oct 1999 (W41),VfB Stuttgart (8),0-2,0-0,FC Schalke 04 (8)
8,(Sun) 17 Oct 1999 (W41),SpVgg Unterhaching (8),1-1,0-0,VfL Wolfsburg (8)
9,(Fri) 22 Oct 1999 (W42),Eintracht Frankfurt (9),0-2,0-0,FC Schalke 04 (9)
9,(Fri) 22 Oct 1999 (W42),Hansa Rostock (9),2-1,1-0,Arminia Bielefeld (9)
9,(Sat) 23 Oct 1999 (W42),SC Freiburg (9),0-0,0-0,Bayer 04 Leverkusen (9)
9,(Sat) 23 Oct 1999 (W42),Hertha BSC (9),1-1,1-0,VfB Stuttgart (9)
9,(Sat) 23 Oct 1999 (W42),1. FC Kaiserslautern (9),0-2,0-0,Bayern München (9)
9,(Sat) 23 Oct 1999 (W42),TSV 1860 München (9),0-0,0-0,Hamburger SV (9)
9,(Sat) 23 Oct 1999 (W42),SSV Ulm 1846 (9),1-0,1-0,SpVgg Unterhaching (9)
9,(Sun) 24 Oct 1999 (W42),Borussia Dortmund (9),1-3,0-2,Werder Bremen (9)
9,(Sun) 24 Oct 1999 (W42),VfL Wolfsburg (9),1-0,0-0,MSV Duisburg (9)
10,(Fri) 29 Oct 1999 (W43),Arminia Bielefeld (10),1-1,0-0,Eintracht Frankfurt (10)
10,(Fri) 29 Oct 1999 (W43),Werder Bremen (10),2-1,1-0,Hansa Rostock (10)
10,(Sat) 30 Oct 1999 (W43),Bayern München (10),5-0,3-0,VfL Wolfsburg (10)
10,(Sat) 30 Oct 1999 (W43),MSV Duisburg (10),0-0,0-0,SSV Ulm 1846 (10)
10,(Sat) 30 Oct 1999 (W43),Hamburger SV (10),1-1,0-0,Borussia Dortmund (10)
10,(Sat) 30 Oct 1999 (W43),Bayer 04 Leverkusen (10),1-1,0-0,TSV 1860 München (10)
10,(Sat) 30 Oct 1999 (W43),FC Schalke 04 (10),1-1,1-1,Hertha BSC (10)
10,(Sun) 31 Oct 1999 (W43),VfB Stuttgart (10),0-1,0-1,1. FC Kaiserslautern (10)
10,(Sun) 31 Oct 1999 (W43),SpVgg Unterhaching (10),1-0,0-0,SC Freiburg (10)
11,(Fri) 5 Nov 1999 (W44),SC Freiburg (11),3-0,2-0,MSV Duisburg (11)
11,(Fri) 5 Nov 1999 (W44),Hansa Rostock (11),3-3,2-1,Hamburger SV (11)
11,(Sat) 6 Nov 1999 (W44),Borussia Dortmund (11),1-1,1-1,Bayer 04 Leverkusen (11)
11,(Sat) 6 Nov 1999 (W44),Eintracht Frankfurt (11),4-0,3-0,Hertha BSC (11)
11,(Sat) 6 Nov 1999 (W44),TSV 1860 München (11),2-1,1-0,SpVgg Unterhaching (11)
11,(Sat) 6 Nov 1999 (W44),SSV Ulm 1846 (11),0-1,0-1,Bayern München (11)
11,(Sat) 6 Nov 1999 (W44),VfL Wolfsburg (11),0-2,0-1,VfB Stuttgart (11)
11,(Sun) 7 Nov 1999 (W44),Arminia Bielefeld (11),2-2,1-0,Werder Bremen (11)
11,(Sun) 7 Nov 1999 (W44),1. FC Kaiserslautern (11),2-1,0-1,FC Schalke 04 (11)
12,(Fri) 19 Nov 1999 (W46),Werder Bremen (12),3-1,1-1,Eintracht Frankfurt (12)
12,(Sat) 20 Nov 1999 (W46),Bayern München (12),6-1,3-1,SC Freiburg (12)
12,(Sat) 20 Nov 1999 (W46),Hertha BSC (12),0-1,0-1,1. FC Kaiserslautern (12)
12,(Sat) 20 Nov 1999 (W46),Bayer 04 Leverkusen (12),1-1,1-1,Hansa Rostock (12)
12,(Sat) 20 Nov 1999 (W46),FC Schalke 04 (12),1-1,1-1,VfL Wolfsburg (12)
12,(Sat) 20 Nov 1999 (W46),VfB Stuttgart (12),2-0,1-0,SSV Ulm 1846 (12)
12,(Sun) 21 Nov 1999 (W46),MSV Duisburg (12),3-0,1-0,TSV 1860 München (12)
12,(Sun) 21 Nov 1999 (W46),Hamburger SV (12),5-0,2-0,Arminia Bielefeld (12)
13,(Fri) 26 Nov 1999 (W47),SC Freiburg (13),0-2,0-1,VfB Stuttgart (13)
13,(Fri) 26 Nov 1999 (W47),SSV Ulm 1846 (13),1-1,1-0,FC Schalke 04 (13)
13,(Sat) 27 Nov 1999 (W47),Arminia Bielefeld (13),1-2,0-1,Bayer 04 Leverkusen (13)
13,(Sat) 27 Nov 1999 (W47),Hansa Rostock (13),1-1,1-0,SpVgg Unterhaching (12)
13,(Sat) 27 Nov 1999 (W47),TSV 1860 München (13),1-0,0-0,Bayern München (13)
13,(Sat) 27 Nov 1999 (W47),VfL Wolfsburg (13),2-3,2-1,Hertha BSC (13)
13,(Sun) 28 Nov 1999 (W47),Borussia Dortmund (12),2-2,1-2,MSV Duisburg (13)
13,(Sun) 28 Nov 1999 (W47),Eintracht Frankfurt (13),0-1,0-1,1. FC Kaiserslautern (13)
13,(Sun) 28 Nov 1999 (W47),Werder Bremen (13),2-1,0-0,Hamburger SV (13)
12,(Wed) 1 Dec 1999 (W48),SpVgg Unterhaching (13),1-0,1-0,Borussia Dortmund (13)
14,(Fri) 3 Dec 1999 (W48),MSV Duisburg (14),2-2,1-1,Hansa Rostock (14)
14,(Fri) 3 Dec 1999 (W48),Hamburger SV (14),1-0,0-0,Eintracht Frankfurt (14)
14,(Sat) 4 Dec 1999 (W48),Bayern München (14),1-1,1-0,Borussia Dortmund (14)
14,(Sat) 4 Dec 1999 (W48),Hertha BSC (14),3-0,1-0,SSV Ulm 1846 (14)
14,(Sat) 4 Dec 1999 (W48),Bayer 04 Leverkusen (14),3-2,1-1,Werder Bremen (14)
14,(Sat) 4 Dec 1999 (W48),FC Schalke 04 (14),2-2,1-1,SC Freiburg (14)
14,(Sat) 4 Dec 1999 (W48),VfB Stuttgart (14),1-3,0-1,TSV 1860 München (14)
14,(Sun) 5 Dec 1999 (W48),1. FC Kaiserslautern (14),2-2,1-0,VfL Wolfsburg (14)
14,(Sun) 5 Dec 1999 (W48),SpVgg Unterhaching (14),2-0,1-0,Arminia Bielefeld (14)
15,(Fri) 10 Dec 1999 (W49),Arminia Bielefeld (15),0-1,0-0,MSV Duisburg (15)
15,(Fri) 10 Dec 1999 (W49),Werder Bremen (15),2-2,2-0,SpVgg Unterhaching (15)
15,(Sat) 11 Dec 1999 (W49),Borussia Dortmund (15),1-1,1-1,VfB Stuttgart (15)
15,(Sat) 11 Dec 1999 (W49),SC Freiburg (15),0-1,0-0,Hertha BSC (15)
15,(Sat) 11 Dec 1999 (W49),Hansa Rostock (15),0-3,0-1,Bayern München (15)
15,(Sat) 11 Dec 1999 (W49),TSV 1860 München (15),3-3,1-2,FC Schalke 04 (15)
15,(Sun) 12 Dec 1999 (W49),Bayer 04 Leverkusen (15),2-2,1-1,Hamburger SV (15)
15,(Sun) 12 Dec 1999 (W49),SSV Ulm 1846 (15),3-1,3-0,1. FC Kaiserslautern (15)
15,(Sun) 12 Dec 1999 (W49),VfL Wolfsburg (15),1-0,0-0,Eintracht Frankfurt (15)
16,(Tue) 14 Dec 1999 (W50),Bayern München (16),2-1,1-1,Arminia Bielefeld (16)
16,(Tue) 14 Dec 1999 (W50),MSV Duisburg (16),0-1,0-1,Werder Bremen (16)
16,(Tue) 14 Dec 1999 (W50),Hertha BSC (16),1-1,0-0,TSV 1860 München (16)
16,(Tue) 14 Dec 1999 (W50),VfB Stuttgart (16),3-1,0-0,Hansa Rostock (16)
16,(Wed) 15 Dec 1999 (W50),Eintracht Frankfurt (16),1-2,1-0,Bayer 04 Leverkusen (16)
16,(Wed) 15 Dec 1999 (W50),1. FC Kaiserslautern (16),0-2,0-0,SC Freiburg (16)
16,(Wed) 15 Dec 1999 (W50),FC Schalke 04 (16),0-0,0-0,Borussia Dortmund (16)
16,(Wed) 15 Dec 1999 (W50),SpVgg Unterhaching (16),1-1,0-1,Hamburger SV (16)
16,(Wed) 15 Dec 1999 (W50),VfL Wolfsburg (16),1-2,0-1,SSV Ulm 1846 (16)
17,(Fri) 17 Dec 1999 (W50),Arminia Bielefeld (17),1-2,0-0,VfB Stuttgart (17)
17,(Fri) 17 Dec 1999 (W50),Werder Bremen (17),0-2,0-0,Bayern München (17)
17,(Sat) 18 Dec 1999 (W50),SC Freiburg (17),1-1,0-1,VfL Wolfsburg (17)
17,(Sat) 18 Dec 1999 (W50),Hamburger SV (17),6-1,5-1,MSV Duisburg (17)
17,(Sat) 18 Dec 1999 (W50),Bayer 04 Leverkusen (17),2-1,0-0,SpVgg Unterhaching (17)
17,(Sat) 18 Dec 1999 (W50),TSV 1860 München (17),2-1,1-1,1. FC Kaiserslautern (17)
17,(Sat) 18 Dec 1999 (W50),SSV Ulm 1846 (17),3-0,1-0,Eintracht Frankfurt (17)
17,(Sun) 19 Dec 1999 (W50),Borussia Dortmund (17),4-0,3-0,Hertha BSC (17)
17,(Sun) 19 Dec 1999 (W50),Hansa Rostock (17),1-0,0-0,FC Schalke 04 (17)
18,(Fri) 4 Feb 2000 (W5),Borussia Dortmund (18),0-1,0-0,1. FC Kaiserslautern (18)
18,(Fri) 4 Feb 2000 (W5),Hansa Rostock (18),0-1,0-0,Hertha BSC (18)
18,(Sat) 5 Feb 2000 (W5),Arminia Bielefeld (18),1-2,0-1,FC Schalke 04 (18)
18,(Sat) 5 Feb 2000 (W5),SC Freiburg (18),2-0,1-0,SSV Ulm 1846 (18)
18,(Sat) 5 Feb 2000 (W5),Bayer 04 Leverkusen (18),3-0,2-0,MSV Duisburg (18)
18,(Sat) 5 Feb 2000 (W5),TSV 1860 München (18),1-2,1-1,VfL Wolfsburg (18)
18,(Sat) 5 Feb 2000 (W5),Werder Bremen (18),2-1,2-0,VfB Stuttgart (18)
18,(Sun) 6 Feb 2000 (W5),Hamburger SV (18),0-0,0-0,Bayern München (18)
18,(Sun) 6 Feb 2000 (W5),SpVgg Unterhaching (18),1-0,0-0,Eintracht Frankfurt (18)
19,(Tue) 8 Feb 2000 (W6),Hertha BSC (19),2-0,0-0,Arminia Bielefeld (19)
19,(Tue) 8 Feb 2000 (W6),1. FC Kaiserslautern (19),2-2,0-1,Hansa Rostock (19)
19,(Tue) 8 Feb 2000 (W6),FC Schalke 04 (19),3-1,1-1,Werder Bremen (19)
19,(Tue) 8 Feb 2000 (W6),SSV Ulm 1846 (19),3-0,2-0,TSV 1860 München (19)
19,(Wed) 9 Feb 2000 (W6),Bayern München (19),4-1,2-0,Bayer 04 Leverkusen (19)
19,(Wed) 9 Feb 2000 (W6),MSV Duisburg (19),2-0,2-0,SpVgg Unterhaching (19)
19,(Wed) 9 Feb 2000 (W6),Eintracht Frankfurt (19),2-0,1-0,SC Freiburg (19)
19,(Wed) 9 Feb 2000 (W6),VfB Stuttgart (19),1-3,0-0,Hamburger SV (19)
19,(Wed) 9 Feb 2000 (W6),VfL Wolfsburg (19),1-0,1-0,Borussia Dortmund (19)
20,(Fri) 11 Feb 2000 (W6),Arminia Bielefeld (20),1-2,1-1,1. FC Kaiserslautern (20)
20,(Fri) 11 Feb 2000 (W6),Werder Bremen (20),4-1,3-0,Hertha BSC (20)
20,(Sat) 12 Feb 2000 (W6),Borussia Dortmund (20),1-1,1-0,SSV Ulm 1846 (20)
20,(Sat) 12 Feb 2000 (W6),MSV Duisburg (20),2-3,1-2,Eintracht Frankfurt (20)
20,(Sat) 12 Feb 2000 (W6),Hansa Rostock (20),1-1,1-0,VfL Wolfsburg (20)
20,(Sat) 12 Feb 2000 (W6),Bayer 04 Leverkusen (20),1-0,0-0,VfB Stuttgart (20)
20,(Sat) 12 Feb 2000 (W6),SpVgg Unterhaching (20),0-2,0-0,Bayern München (20)
20,(Sun) 13 Feb 2000 (W6),Hamburger SV (20),3-1,0-1,FC Schalke 04 (20)
20,(Sun) 13 Feb 2000 (W6),TSV 1860 München (20),3-1,1-1,SC Freiburg (20)
21,(Fri) 18 Feb 2000 (W7),Hertha BSC (21),2-1,0-0,Hamburger SV (21)
21,(Fri) 18 Feb 2000 (W7),FC Schalke 04 (21),1-1,1-1,Bayer 04 Leverkusen (21)
21,(Sat) 19 Feb 2000 (W7),Bayern München (21),4-1,0-0,MSV Duisburg (21)
21,(Sat) 19 Feb 2000 (W7),Eintracht Frankfurt (21),3-1,2-1,TSV 1860 München (21)
21,(Sat) 19 Feb 2000 (W7),SC Freiburg (21),1-1,1-1,Borussia Dortmund (21)
21,(Sat) 19 Feb 2000 (W7),1. FC Kaiserslautern (21),4-3,1-2,Werder Bremen (21)
21,(Sat) 19 Feb 2000 (W7),VfB Stuttgart (21),0-2,0-0,SpVgg Unterhaching (21)
21,(Sun) 20 Feb 2000 (W7),SSV Ulm 1846 (21),1-1,0-1,Hansa Rostock (21)
21,(Sun) 20 Feb 2000 (W7),VfL Wolfsburg (21),2-0,1-0,Arminia Bielefeld (21)
22,(Fri) 25 Feb 2000 (W8),Hansa Rostock (22),1-1,0-0,SC Freiburg (22)
22,(Sat) 26 Feb 2000 (W8),Bayern München (22),4-1,1-0,Eintracht Frankfurt (22)
22,(Sat) 26 Feb 2000 (W8),MSV Duisburg (22),1-3,1-2,VfB Stuttgart (22)
22,(Sat) 26 Feb 2000 (W8),Hamburger SV (22),2-1,1-0,1. FC Kaiserslautern (22)
22,(Sat) 26 Feb 2000 (W8),Bayer 04 Leverkusen (22),3-1,3-1,Hertha BSC (22)
22,(Sat) 26 Feb 2000 (W8),Werder Bremen (22),2-2,1-1,VfL Wolfsburg (22)
22,(Sun) 27 Feb 2000 (W8),Borussia Dortmund (22),1-1,0-0,TSV 1860 München (22)
22,(Sun) 27 Feb 2000 (W8),SpVgg Unterhaching (22),3-1,0-1,FC Schalke 04 (22)
22,(Mon) 28 Feb 2000 (W9),Arminia Bielefeld (22),4-1,3-1,SSV Ulm 1846 (22)
23,(Fri) 3 Mar 2000 (W9),SC Freiburg (23),1-1,0-1,Arminia Bielefeld (23)
23,(Fri) 3 Mar 2000 (W9),VfL Wolfsburg (23),4-4,1-3,Hamburger SV (23)
23,(Sat) 4 Mar 2000 (W9),Hertha BSC (23),2-1,0-1,SpVgg Unterhaching (23)
23,(Sat) 4 Mar 2000 (W9),1. FC Kaiserslautern (23),1-3,1-2,Bayer 04 Leverkusen (23)
23,(Sat) 4 Mar 2000 (W9),TSV 1860 München (23),4-3,1-1,Hansa Rostock (23)
23,(Sat) 4 Mar 2000 (W9),FC Schalke 04 (23),3-0,1-0,MSV Duisburg (23)
23,(Sat) 4 Mar 2000 (W9),VfB Stuttgart (23),2-0,0-0,Bayern München (23)
23,(Sun) 5 Mar 2000 (W9),Eintracht Frankfurt (23),1-1,0-1,Borussia Dortmund (23)
23,(Sun) 5 Mar 2000 (W9),SSV Ulm 1846 (23),2-1,1-0,Werder Bremen (23)
24,(Fri) 10 Mar 2000 (W10),VfB Stuttgart (24),0-2,0-0,Eintracht Frankfurt (24)
24,(Fri) 10 Mar 2000 (W10),SpVgg Unterhaching (24),1-2,0-2,1. FC Kaiserslautern (24)
24,(Sat) 11 Mar 2000 (W10),Bayern München (24),4-1,1-0,FC Schalke 04 (24)
24,(Sat) 11 Mar 2000 (W10),Arminia Bielefeld (24),2-2,2-0,TSV 1860 München (24)
24,(Sat) 11 Mar 2000 (W10),MSV Duisburg (24),0-0,0-0,Hertha BSC (24)
24,(Sat) 11 Mar 2000 (W10),Hamburger SV (24),1-2,0-1,SSV Ulm 1846 (24)
24,(Sat) 11 Mar 2000 (W10),Bayer 04 Leverkusen (24),4-1,1-0,VfL Wolfsburg (24)
24,(Sun) 12 Mar 2000 (W10),Hansa Rostock (24),1-0,0-0,Borussia Dortmund (24)
24,(Sun) 12 Mar 2000 (W10),Werder Bremen (24),5-2,2-1,SC Freiburg (24)
25,(Fri) 17 Mar 2000 (W11),Eintracht Frankfurt (25),0-0,0-0,Hansa Rostock (25)
25,(Fri) 17 Mar 2000 (W11),VfL Wolfsburg (25),2-2,1-0,SpVgg Unterhaching (25)
25,(Sat) 18 Mar 2000 (W11),SC Freiburg (25),0-2,0-1,Hamburger SV (25)
25,(Sat) 18 Mar 2000 (W11),Hertha BSC (25),1-1,0-1,Bayern München (25)
25,(Sat) 18 Mar 2000 (W11),1. FC Kaiserslautern (25),3-2,1-0,MSV Duisburg (25)
25,(Sat) 18 Mar 2000 (W11),FC Schalke 04 (25),3-0,0-0,VfB Stuttgart (25)
25,(Sat) 18 Mar 2000 (W11),SSV Ulm 1846 (25),1-9,0-4,Bayer 04 Leverkusen (25)
25,(Sun) 19 Mar 2000 (W11),Borussia Dortmund (25),1-3,1-2,Arminia Bielefeld (25)
25,(Sun) 19 Mar 2000 (W11),TSV 1860 München (25),1-0,0-0,Werder Bremen (25)
26,(Fri) 24 Mar 2000 (W12),Arminia Bielefeld (26),2-2,0-1,Hansa Rostock (26)
26,(Fri) 24 Mar 2000 (W12),SpVgg Unterhaching (26),1-0,0-0,SSV Ulm 1846 (26)
26,(Sat) 25 Mar 2000 (W12),Bayern München (26),2-2,1-2,1. FC Kaiserslautern (26)
26,(Sat) 25 Mar 2000 (W12),MSV Duisburg (26),2-3,1-0,VfL Wolfsburg (26)
26,(Sat) 25 Mar 2000 (W12),Hamburger SV (26),2-0,1-0,TSV 1860 München (26)
26,(Sat) 25 Mar 2000 (W12),Bayer 04 Leverkusen (26),1-1,0-1,SC Freiburg (26)
26,(Sat) 25 Mar 2000 (W12),VfB Stuttgart (26),1-0,0-0,Hertha BSC (26)
26,(Sun) 26 Mar 2000 (W12),FC Schalke 04 (26),0-0,0-0,Eintracht Frankfurt (26)
26,(Sun) 26 Mar 2000 (W12),Werder Bremen (26),3-2,2-1,Borussia Dortmund (26)
27,(Fri) 31 Mar 2000 (W13),SC Freiburg (27),4-3,1-1,SpVgg Unterhaching (27)
27,(Fri) 31 Mar 2000 (W13),SSV Ulm 1846 (27),0-3,0-2,MSV Duisburg (27)
27,(Sat) 1 Apr 2000 (W13),Borussia Dortmund (27),0-1,0-0,Hamburger SV (27)
27,(Sat) 1 Apr 2000 (W13),Eintracht Frankfurt (27),2-1,1-0,Arminia Bielefeld (27)
27,(Sat) 1 Apr 2000 (W13),Hertha BSC (27),2-1,1-1,FC Schalke 04 (27)
27,(Sat) 1 Apr 2000 (W13),TSV 1860 München (27),1-2,0-0,Bayer 04 Leverkusen (27)
27,(Sat) 1 Apr 2000 (W13),VfL Wolfsburg (27),1-1,0-1,Bayern München (27)
27,(Sun) 2 Apr 2000 (W13),Hansa Rostock (27),1-1,1-1,Werder Bremen (27)
27,(Sun) 2 Apr 2000 (W13),1. FC Kaiserslautern (27),1-2,1-1,VfB Stuttgart (27)
28,(Fri) 7 Apr 2000 (W14),Hamburger SV (28),1-0,1-0,Hansa Rostock (28)
28,(Fri) 7 Apr 2000 (W14),SpVgg Unterhaching (28),1-1,0-0,TSV 1860 München (28)
28,(Sat) 8 Apr 2000 (W14),Bayern München (28),4-0,2-0,SSV Ulm 1846 (28)
28,(Sat) 8 Apr 2000 (W14),Hertha BSC (28),1-0,1-0,Eintracht Frankfurt (28)
28,(Sat) 8 Apr 2000 (W14),Bayer 04 Leverkusen (28),3-1,1-1,Borussia Dortmund (28)
28,(Sat) 8 Apr 2000 (W14),FC Schalke 04 (28),1-2,1-2,1. FC Kaiserslautern (28)
28,(Sat) 8 Apr 2000 (W14),VfB Stuttgart (28),2-5,2-2,VfL Wolfsburg (28)
28,(Sun) 9 Apr 2000 (W14),MSV Duisburg (28),1-2,0-0,SC Freiburg (28)
28,(Sun) 9 Apr 2000 (W14),Werder Bremen (28),3-1,2-0,Arminia Bielefeld (28)
29,(Tue) 11 Apr 2000 (W15),Borussia Dortmund (29),1-3,1-1,SpVgg Unterhaching (29)
29,(Tue) 11 Apr 2000 (W15),1. FC Kaiserslautern (29),1-2,1-1,Hertha BSC (29)
29,(Tue) 11 Apr 2000 (W15),SSV Ulm 1846 (29),1-1,0-1,VfB Stuttgart (29)
29,(Tue) 11 Apr 2000 (W15),VfL Wolfsburg (29),0-0,0-0,FC Schalke 04 (29)
29,(Wed) 12 Apr 2000 (W15),Arminia Bielefeld (29),3-0,1-0,Hamburger SV (29)
29,(Wed) 12 Apr 2000 (W15),Eintracht Frankfurt (29),1-0,0-0,Werder Bremen (29)
29,(Wed) 12 Apr 2000 (W15),SC Freiburg (29),1-2,1-1,Bayern München (29)
29,(Wed) 12 Apr 2000 (W15),Hansa Rostock (29),1-1,1-0,Bayer 04 Leverkusen (29)
29,(Wed) 12 Apr 2000 (W15),TSV 1860 München (29),4-1,3-0,MSV Duisburg (29)
30,(Fri) 14 Apr 2000 (W15),Hertha BSC (30),0-0,0-0,VfL Wolfsburg (30)
30,(Fri) 14 Apr 2000 (W15),FC Schalke 04 (30),0-0,0-0,SSV Ulm 1846 (30)
30,(Sat) 15 Apr 2000 (W15),Bayern München (30),1-2,1-2,TSV 1860 München (30)
30,(Sat) 15 Apr 2000 (W15),MSV Duisburg (30),2-2,2-2,Borussia Dortmund (30)
30,(Sat) 15 Apr 2000 (W15),Hamburger SV (30),0-0,0-0,Werder Bremen (30)
30,(Sat) 15 Apr 2000 (W15),1. FC Kaiserslautern (30),1-0,0-0,Eintracht Frankfurt (30)
30,(Sat) 15 Apr 2000 (W15),VfB Stuttgart (30),1-0,0-0,SC Freiburg (30)
30,(Sun) 16 Apr 2000 (W15),Bayer 04 Leverkusen (30),4-1,3-0,Arminia Bielefeld (30)
30,(Sun) 16 Apr 2000 (W15),SpVgg Unterhaching (30),1-1,0-0,Hansa Rostock (30)
31,(Thu) 20 Apr 2000 (W16),Eintracht Frankfurt (31),3-0,1-0,Hamburger SV (31)
31,(Thu) 20 Apr 2000 (W16),Werder Bremen (31),1-3,0-3,Bayer 04 Leverkusen (31)
31,(Sat) 22 Apr 2000 (W16),SC Freiburg (31),2-1,1-1,FC Schalke 04 (31)
31,(Sat) 22 Apr 2000 (W16),Hansa Rostock (31),3-1,2-0,MSV Duisburg (31)
31,(Sat) 22 Apr 2000 (W16),TSV 1860 München (31),1-1,0-0,VfB Stuttgart (31)
31,(Sat) 22 Apr 2000 (W16),SSV Ulm 1846 (31),0-1,0-0,Hertha BSC (31)
31,(Sat) 22 Apr 2000 (W16),VfL Wolfsburg (31),3-2,0-2,1. FC Kaiserslautern (31)
31,(Sun) 23 Apr 2000 (W16),Arminia Bielefeld (31),1-0,0-0,SpVgg Unterhaching (31)
31,(Sun) 23 Apr 2000 (W16),Borussia Dortmund (31),0-1,0-1,Bayern München (31)
32,(Thu) 27 Apr 2000 (W17),MSV Duisburg (32),0-3,0-2,Arminia Bielefeld (32)
32,(Fri) 28 Apr 2000 (W17),Eintracht Frankfurt (32),4-0,2-0,VfL Wolfsburg (32)
32,(Fri) 28 Apr 2000 (W17),Hertha BSC (32),0-0,0-0,SC Freiburg (32)
32,(Sat) 29 Apr 2000 (W17),Bayern München (32),4-1,0-1,Hansa Rostock (32)
32,(Sat) 29 Apr 2000 (W17),1. FC Kaiserslautern (32),6-2,1-1,SSV Ulm 1846 (32)
32,(Sat) 29 Apr 2000 (W17),FC Schalke 04 (32),2-2,2-1,TSV 1860 München (32)
32,(Sat) 29 Apr 2000 (W17),VfB Stuttgart (32),1-2,0-1,Borussia Dortmund (32)
32,(Sun) 30 Apr 2000 (W17),Hamburger SV (32),0-2,0-2,Bayer 04 Leverkusen (32)
32,(Sun) 30 Apr 2000 (W17),SpVgg Unterhaching (32),1-0,0-0,Werder Bremen (32)
33,(Sat) 13 May 2000 (W19),Arminia Bielefeld (33),0-3,0-3,Bayern München (33)
33,(Sat) 13 May 2000 (W19),Borussia Dortmund (33),1-1,0-0,FC Schalke 04 (33)
33,(Sat) 13 May 2000 (W19),SC Freiburg (33),2-1,1-1,1. FC Kaiserslautern (33)
33,(Sat) 13 May 2000 (W19),Hamburger SV (33),3-0,1-0,SpVgg Unterhaching (33)
33,(Sat) 13 May 2000 (W19),Hansa Rostock (33),1-4,0-2,VfB Stuttgart (33)
33,(Sat) 13 May 2000 (W19),Bayer 04 Leverkusen (33),4-1,1-1,Eintracht Frankfurt (33)
33,(Sat) 13 May 2000 (W19),TSV 1860 München (33),2-1,1-0,Hertha BSC (33)
33,(Sat) 13 May 2000 (W19),SSV Ulm 1846 (33),2-0,1-0,VfL Wolfsburg (33)
33,(Sat) 13 May 2000 (W19),Werder Bremen (33),4-0,2-0,MSV Duisburg (33)
34,(Sat) 20 May 2000 (W20),Bayern München (34),3-1,3-1,Werder Bremen (34)
34,(Sat) 20 May 2000 (W20),MSV Duisburg (34),1-1,1-1,Hamburger SV (34)
34,(Sat) 20 May 2000 (W20),Eintracht Frankfurt (34),2-1,1-1,SSV Ulm 1846 (34)
34,(Sat) 20 May 2000 (W20),Hertha BSC (34),0-3,0-0,Borussia Dortmund (34)
34,(Sat) 20 May 2000 (W20),1. FC Kaiserslautern (34),1-1,0-0,TSV 1860 München (34)
34,(Sat) 20 May 2000 (W20),FC Schalke 04 (34),0-2,0-1,Hansa Rostock (34)
34,(Sat) 20 May 2000 (W20),VfB Stuttgart (34),3-3,3-1,Arminia Bielefeld (34)
34,(Sat) 20 May 2000 (W20),SpVgg Unterhaching (34),2-0,1-0,Bayer 04 Leverkusen (34)
34,(Sat) 20 May 2000 (W20),VfL Wolfsburg (34),2-1,1-0,SC Freiburg (34)
