Round,Date,Team 1,FT,HT,Team 2
1,(Fri) 10 Aug 2007 (W32),VfB Stuttgart (1),2-2,0-1,FC Schalke 04 (1)
1,(Sat) 11 Aug 2007 (W32),Bayern München (1),3-0,1-0,Hansa Rostock (1)
1,(Sat) 11 Aug 2007 (W32),VfL Bochum (1),2-2,0-2,Werder Bremen (1)
1,(Sat) 11 Aug 2007 (W32),Eintracht Frankfurt (1),1-0,1-0,Hertha BSC (1)
1,(Sat) 11 Aug 2007 (W32),Hannover 96 (1),0-1,0-1,Hamburger SV (1)
1,(Sat) 11 Aug 2007 (W32),Bayer 04 Leverkusen (1),0-0,0-0,Energie Cottbus (1)
1,(Sat) 11 Aug 2007 (W32),VfL Wolfsburg (1),1-3,0-1,Arminia Bielefeld (1)
1,(Sun) 12 Aug 2007 (W32),Borussia Dortmund (1),1-3,0-1,MSV Duisburg (1)
1,(Sun) 12 Aug 2007 (W32),1. FC Nürnberg (1),0-2,0-1,Karlsruher SC (1)
2,(Fri) 17 Aug 2007 (W33),Karlsruher SC (2),1-2,1-0,Hannover 96 (2)
2,(Sat) 18 Aug 2007 (W33),Arminia Bielefeld (2),2-2,0-0,Eintracht Frankfurt (2)
2,(Sat) 18 Aug 2007 (W33),MSV Duisburg (2),1-3,0-1,VfL Wolfsburg (2)
2,(Sat) 18 Aug 2007 (W33),Hansa Rostock (2),1-2,0-2,1. FC Nürnberg (2)
2,(Sat) 18 Aug 2007 (W33),Hertha BSC (2),3-1,0-1,VfB Stuttgart (2)
2,(Sat) 18 Aug 2007 (W33),FC Schalke 04 (2),4-1,2-0,Borussia Dortmund (2)
2,(Sat) 18 Aug 2007 (W33),Werder Bremen (2),0-4,0-1,Bayern München (2)
2,(Sun) 19 Aug 2007 (W33),Energie Cottbus (2),1-2,0-2,VfL Bochum (2)
2,(Sun) 19 Aug 2007 (W33),Hamburger SV (2),1-0,0-0,Bayer 04 Leverkusen (2)
3,(Fri) 24 Aug 2007 (W34),VfL Bochum (3),2-1,1-0,Hamburger SV (3)
3,(Sat) 25 Aug 2007 (W34),Bayern München (3),3-0,1-0,Hannover 96 (3)
3,(Sat) 25 Aug 2007 (W34),Arminia Bielefeld (3),2-0,0-0,Hertha BSC (3)
3,(Sat) 25 Aug 2007 (W34),Borussia Dortmund (3),3-0,1-0,Energie Cottbus (3)
3,(Sat) 25 Aug 2007 (W34),Bayer 04 Leverkusen (3),3-0,3-0,Karlsruher SC (3)
3,(Sat) 25 Aug 2007 (W34),1. FC Nürnberg (3),0-1,0-0,Werder Bremen (3)
3,(Sat) 25 Aug 2007 (W34),VfB Stuttgart (3),1-0,1-0,MSV Duisburg (3)
3,(Sun) 26 Aug 2007 (W34),Eintracht Frankfurt (3),1-0,1-0,Hansa Rostock (3)
3,(Sun) 26 Aug 2007 (W34),VfL Wolfsburg (3),1-1,1-0,FC Schalke 04 (3)
4,(Fri) 31 Aug 2007 (W35),FC Schalke 04 (4),1-1,1-0,Bayer 04 Leverkusen (4)
4,(Sat) 1 Sep 2007 (W35),Energie Cottbus (4),1-1,1-0,1. FC Nürnberg (4)
4,(Sat) 1 Sep 2007 (W35),MSV Duisburg (4),3-0,0-0,Arminia Bielefeld (4)
4,(Sat) 1 Sep 2007 (W35),Hannover 96 (4),3-2,2-1,VfL Bochum (4)
4,(Sat) 1 Sep 2007 (W35),Hansa Rostock (4),0-1,0-0,Borussia Dortmund (4)
4,(Sat) 1 Sep 2007 (W35),Hertha BSC (4),2-1,1-0,VfL Wolfsburg (4)
4,(Sat) 1 Sep 2007 (W35),Werder Bremen (4),2-1,1-0,Eintracht Frankfurt (4)
4,(Sun) 2 Sep 2007 (W35),Hamburger SV (4),1-1,0-0,Bayern München (4)
4,(Sun) 2 Sep 2007 (W35),Karlsruher SC (4),1-0,0-0,VfB Stuttgart (4)
5,(Fri) 14 Sep 2007 (W37),Borussia Dortmund (5),3-0,3-0,Werder Bremen (5)
5,(Sat) 15 Sep 2007 (W37),Bayern München (5),1-1,0-1,FC Schalke 04 (5)
5,(Sat) 15 Sep 2007 (W37),Arminia Bielefeld (5),4-2,1-0,Hansa Rostock (5)
5,(Sat) 15 Sep 2007 (W37),Eintracht Frankfurt (5),2-1,1-0,Hamburger SV (5)
5,(Sat) 15 Sep 2007 (W37),Bayer 04 Leverkusen (5),2-0,0-0,VfL Bochum (5)
5,(Sat) 15 Sep 2007 (W37),1. FC Nürnberg (5),2-2,0-2,Hannover 96 (5)
5,(Sat) 15 Sep 2007 (W37),VfB Stuttgart (5),3-0,0-0,Energie Cottbus (5)
5,(Sun) 16 Sep 2007 (W37),MSV Duisburg (5),1-2,0-0,Hertha BSC (5)
5,(Sun) 16 Sep 2007 (W37),VfL Wolfsburg (5),1-2,1-0,Karlsruher SC (5)
6,(Fri) 21 Sep 2007 (W38),VfL Bochum (6),0-0,0-0,Eintracht Frankfurt (6)
6,(Sat) 22 Sep 2007 (W38),Energie Cottbus (6),1-2,1-1,VfL Wolfsburg (6)
6,(Sat) 22 Sep 2007 (W38),Hamburger SV (6),1-0,0-0,1. FC Nürnberg (6)
6,(Sat) 22 Sep 2007 (W38),Hansa Rostock (6),2-0,1-0,MSV Duisburg (6)
6,(Sat) 22 Sep 2007 (W38),Hertha BSC (6),3-2,1-1,Borussia Dortmund (6)
6,(Sat) 22 Sep 2007 (W38),FC Schalke 04 (6),3-0,1-0,Arminia Bielefeld (6)
6,(Sat) 22 Sep 2007 (W38),Werder Bremen (6),4-1,3-1,VfB Stuttgart (6)
6,(Sun) 23 Sep 2007 (W38),Hannover 96 (6),0-3,0-0,Bayer 04 Leverkusen (6)
6,(Sun) 23 Sep 2007 (W38),Karlsruher SC (6),1-4,0-2,Bayern München (6)
7,(Tue) 25 Sep 2007 (W39),Borussia Dortmund (7),0-3,0-2,Hamburger SV (7)
7,(Tue) 25 Sep 2007 (W39),MSV Duisburg (7),0-2,0-1,FC Schalke 04 (7)
7,(Tue) 25 Sep 2007 (W39),Hertha BSC (7),1-3,1-1,Hansa Rostock (7)
7,(Tue) 25 Sep 2007 (W39),VfL Wolfsburg (7),1-1,0-0,Werder Bremen (7)
7,(Wed) 26 Sep 2007 (W39),Bayern München (7),5-0,0-0,Energie Cottbus (7)
7,(Wed) 26 Sep 2007 (W39),Arminia Bielefeld (7),0-2,0-0,Hannover 96 (7)
7,(Wed) 26 Sep 2007 (W39),Eintracht Frankfurt (7),0-1,0-0,Karlsruher SC (7)
7,(Wed) 26 Sep 2007 (W39),1. FC Nürnberg (7),1-2,0-1,Bayer 04 Leverkusen (7)
7,(Wed) 26 Sep 2007 (W39),VfB Stuttgart (7),1-0,0-0,VfL Bochum (7)
8,(Fri) 28 Sep 2007 (W39),FC Schalke 04 (8),1-0,1-0,Hertha BSC (8)
8,(Sat) 29 Sep 2007 (W39),VfL Bochum (8),3-3,1-1,1. FC Nürnberg (8)
8,(Sat) 29 Sep 2007 (W39),Hamburger SV (8),2-2,1-0,VfL Wolfsburg (8)
8,(Sat) 29 Sep 2007 (W39),Hansa Rostock (8),2-1,2-0,VfB Stuttgart (8)
8,(Sat) 29 Sep 2007 (W39),Karlsruher SC (8),3-1,1-1,Borussia Dortmund (8)
8,(Sat) 29 Sep 2007 (W39),Bayer 04 Leverkusen (8),0-1,0-1,Bayern München (8)
8,(Sat) 29 Sep 2007 (W39),Werder Bremen (8),8-1,4-1,Arminia Bielefeld (8)
8,(Sun) 30 Sep 2007 (W39),Energie Cottbus (8),2-2,2-0,Eintracht Frankfurt (8)
8,(Sun) 30 Sep 2007 (W39),Hannover 96 (8),2-1,1-1,MSV Duisburg (8)
9,(Fri) 5 Oct 2007 (W40),Borussia Dortmund (9),2-1,1-1,VfL Bochum (9)
9,(Sat) 6 Oct 2007 (W40),Arminia Bielefeld (9),0-1,0-0,Hamburger SV (9)
9,(Sat) 6 Oct 2007 (W40),MSV Duisburg (9),1-3,1-1,Werder Bremen (9)
9,(Sat) 6 Oct 2007 (W40),Hertha BSC (9),0-0,0-0,Energie Cottbus (9)
9,(Sat) 6 Oct 2007 (W40),FC Schalke 04 (9),0-2,0-0,Karlsruher SC (9)
9,(Sat) 6 Oct 2007 (W40),VfB Stuttgart (9),0-2,0-1,Hannover 96 (9)
9,(Sat) 6 Oct 2007 (W40),VfL Wolfsburg (9),1-0,0-0,Hansa Rostock (9)
9,(Sun) 7 Oct 2007 (W40),Bayern München (9),3-0,2-0,1. FC Nürnberg (9)
9,(Sun) 7 Oct 2007 (W40),Eintracht Frankfurt (9),2-1,0-0,Bayer 04 Leverkusen (9)
10,(Fri) 19 Oct 2007 (W42),Energie Cottbus (10),1-2,0-1,MSV Duisburg (10)
10,(Sat) 20 Oct 2007 (W42),VfL Bochum (10),1-2,1-1,Bayern München (10)
10,(Sat) 20 Oct 2007 (W42),Hamburger SV (10),4-1,3-0,VfB Stuttgart (10)
10,(Sat) 20 Oct 2007 (W42),Hansa Rostock (10),1-1,0-1,FC Schalke 04 (10)
10,(Sat) 20 Oct 2007 (W42),Bayer 04 Leverkusen (10),2-2,0-1,Borussia Dortmund (10)
10,(Sat) 20 Oct 2007 (W42),1. FC Nürnberg (10),5-1,1-1,Eintracht Frankfurt (10)
10,(Sat) 20 Oct 2007 (W42),Werder Bremen (10),3-2,0-0,Hertha BSC (10)
10,(Sun) 21 Oct 2007 (W42),Hannover 96 (10),2-2,2-2,VfL Wolfsburg (10)
10,(Sun) 21 Oct 2007 (W42),Karlsruher SC (10),0-0,0-0,Arminia Bielefeld (10)
11,(Fri) 26 Oct 2007 (W43),Eintracht Frankfurt (11),0-0,0-0,Hannover 96 (11)
11,(Sat) 27 Oct 2007 (W43),Arminia Bielefeld (11),1-1,0-0,Energie Cottbus (11)
11,(Sat) 27 Oct 2007 (W43),Hansa Rostock (11),0-0,0-0,Karlsruher SC (11)
11,(Sat) 27 Oct 2007 (W43),Hertha BSC (11),2-0,2-0,VfL Bochum (11)
11,(Sat) 27 Oct 2007 (W43),FC Schalke 04 (11),1-1,1-1,Werder Bremen (11)
11,(Sat) 27 Oct 2007 (W43),VfB Stuttgart (11),1-0,0-0,Bayer 04 Leverkusen (11)
11,(Sat) 27 Oct 2007 (W43),VfL Wolfsburg (11),3-1,2-0,1. FC Nürnberg (11)
11,(Sun) 28 Oct 2007 (W43),Borussia Dortmund (11),0-0,0-0,Bayern München (11)
11,(Sun) 28 Oct 2007 (W43),MSV Duisburg (11),0-1,0-1,Hamburger SV (11)
12,(Fri) 2 Nov 2007 (W44),Energie Cottbus (12),1-0,0-0,FC Schalke 04 (12)
12,(Sat) 3 Nov 2007 (W44),Bayern München (12),0-0,0-0,Eintracht Frankfurt (12)
12,(Sat) 3 Nov 2007 (W44),Hamburger SV (12),2-1,1-0,Hertha BSC (12)
12,(Sat) 3 Nov 2007 (W44),Hannover 96 (12),2-1,0-0,Borussia Dortmund (12)
12,(Sat) 3 Nov 2007 (W44),Bayer 04 Leverkusen (12),4-0,3-0,Arminia Bielefeld (12)
12,(Sat) 3 Nov 2007 (W44),1. FC Nürnberg (12),0-1,0-1,VfB Stuttgart (12)
12,(Sat) 3 Nov 2007 (W44),Werder Bremen (12),1-0,1-0,Hansa Rostock (12)
12,(Sun) 4 Nov 2007 (W44),VfL Bochum (12),5-3,4-0,VfL Wolfsburg (12)
12,(Sun) 4 Nov 2007 (W44),Karlsruher SC (12),1-0,1-0,MSV Duisburg (12)
13,(Fri) 9 Nov 2007 (W45),MSV Duisburg (13),0-2,0-1,VfL Bochum (13)
13,(Sat) 10 Nov 2007 (W45),Borussia Dortmund (13),1-1,0-0,Eintracht Frankfurt (13)
13,(Sat) 10 Nov 2007 (W45),Hansa Rostock (13),3-2,1-0,Energie Cottbus (13)
13,(Sat) 10 Nov 2007 (W45),Hertha BSC (13),1-0,0-0,Hannover 96 (13)
13,(Sat) 10 Nov 2007 (W45),FC Schalke 04 (13),1-1,1-1,Hamburger SV (13)
13,(Sat) 10 Nov 2007 (W45),VfB Stuttgart (13),3-1,3-0,Bayern München (13)
13,(Sat) 10 Nov 2007 (W45),Werder Bremen (13),4-0,2-0,Karlsruher SC (13)
13,(Sun) 11 Nov 2007 (W45),Arminia Bielefeld (13),3-1,0-1,1. FC Nürnberg (13)
13,(Sun) 11 Nov 2007 (W45),VfL Wolfsburg (13),1-2,0-1,Bayer 04 Leverkusen (13)
14,(Fri) 23 Nov 2007 (W47),Karlsruher SC (14),2-1,0-1,Hertha BSC (14)
14,(Sat) 24 Nov 2007 (W47),Bayern München (14),2-1,1-0,VfL Wolfsburg (14)
14,(Sat) 24 Nov 2007 (W47),VfL Bochum (14),3-0,2-0,Arminia Bielefeld (14)
14,(Sat) 24 Nov 2007 (W47),Energie Cottbus (14),0-2,0-0,Werder Bremen (14)
14,(Sat) 24 Nov 2007 (W47),Eintracht Frankfurt (14),1-4,1-1,VfB Stuttgart (14)
14,(Sat) 24 Nov 2007 (W47),Hannover 96 (14),2-3,1-1,FC Schalke 04 (14)
14,(Sat) 24 Nov 2007 (W47),Bayer 04 Leverkusen (14),4-1,0-1,MSV Duisburg (14)
14,(Sun) 25 Nov 2007 (W47),Hamburger SV (14),2-0,1-0,Hansa Rostock (14)
14,(Sun) 25 Nov 2007 (W47),1. FC Nürnberg (14),2-0,1-0,Borussia Dortmund (14)
15,(Fri) 30 Nov 2007 (W48),Hansa Rostock (15),0-3,0-0,Hannover 96 (15)
15,(Sat) 1 Dec 2007 (W48),Energie Cottbus (15),2-0,0-0,Karlsruher SC (15)
15,(Sat) 1 Dec 2007 (W48),Hertha BSC (15),0-3,0-1,Bayer 04 Leverkusen (15)
15,(Sat) 1 Dec 2007 (W48),FC Schalke 04 (15),1-0,1-0,VfL Bochum (15)
15,(Sat) 1 Dec 2007 (W48),VfB Stuttgart (15),1-2,1-1,Borussia Dortmund (15)
15,(Sat) 1 Dec 2007 (W48),Werder Bremen (15),2-1,1-0,Hamburger SV (15)
15,(Sat) 1 Dec 2007 (W48),VfL Wolfsburg (15),2-2,1-1,Eintracht Frankfurt (15)
15,(Sun) 2 Dec 2007 (W48),Arminia Bielefeld (15),0-1,0-1,Bayern München (15)
15,(Sun) 2 Dec 2007 (W48),MSV Duisburg (15),1-0,0-0,1. FC Nürnberg (15)
16,(Fri) 7 Dec 2007 (W49),Borussia Dortmund (16),6-1,2-0,Arminia Bielefeld (16)
16,(Sat) 8 Dec 2007 (W49),Bayern München (16),0-0,0-0,MSV Duisburg (16)
16,(Sat) 8 Dec 2007 (W49),VfL Bochum (16),2-2,1-1,Karlsruher SC (16)
16,(Sat) 8 Dec 2007 (W49),Eintracht Frankfurt (16),2-2,0-0,FC Schalke 04 (16)
16,(Sat) 8 Dec 2007 (W49),Hamburger SV (16),0-0,0-0,Energie Cottbus (16)
16,(Sat) 8 Dec 2007 (W49),Hannover 96 (16),4-3,3-2,Werder Bremen (16)
16,(Sat) 8 Dec 2007 (W49),VfB Stuttgart (16),3-1,1-0,VfL Wolfsburg (16)
16,(Sun) 9 Dec 2007 (W49),Bayer 04 Leverkusen (16),3-0,1-0,Hansa Rostock (16)
16,(Sun) 9 Dec 2007 (W49),1. FC Nürnberg (16),2-1,2-0,Hertha BSC (16)
17,(Fri) 14 Dec 2007 (W50),Energie Cottbus (17),5-1,3-0,Hannover 96 (17)
17,(Sat) 15 Dec 2007 (W50),Arminia Bielefeld (17),2-0,0-0,VfB Stuttgart (17)
17,(Sat) 15 Dec 2007 (W50),Hertha BSC (17),0-0,0-0,Bayern München (17)
17,(Sat) 15 Dec 2007 (W50),Karlsruher SC (17),1-1,0-0,Hamburger SV (17)
17,(Sat) 15 Dec 2007 (W50),FC Schalke 04 (17),2-1,2-0,1. FC Nürnberg (17)
17,(Sat) 15 Dec 2007 (W50),Werder Bremen (17),5-2,1-1,Bayer 04 Leverkusen (17)
17,(Sat) 15 Dec 2007 (W50),VfL Wolfsburg (17),4-0,2-0,Borussia Dortmund (17)
17,(Sun) 16 Dec 2007 (W50),MSV Duisburg (17),0-1,0-1,Eintracht Frankfurt (17)
17,(Sun) 16 Dec 2007 (W50),Hansa Rostock (17),2-0,2-0,VfL Bochum (17)
18,(Fri) 1 Feb 2008 (W5),Hansa Rostock (18),1-2,0-2,Bayern München (18)
18,(Sat) 2 Feb 2008 (W5),Arminia Bielefeld (18),0-1,0-1,VfL Wolfsburg (18)
18,(Sat) 2 Feb 2008 (W5),Energie Cottbus (18),2-3,1-0,Bayer 04 Leverkusen (18)
18,(Sat) 2 Feb 2008 (W5),MSV Duisburg (18),3-3,2-0,Borussia Dortmund (18)
18,(Sat) 2 Feb 2008 (W5),Hamburger SV (18),1-1,0-1,Hannover 96 (18)
18,(Sat) 2 Feb 2008 (W5),Hertha BSC (18),0-3,0-1,Eintracht Frankfurt (18)
18,(Sat) 2 Feb 2008 (W5),Karlsruher SC (18),2-0,0-0,1. FC Nürnberg (18)
18,(Sun) 3 Feb 2008 (W5),FC Schalke 04 (18),4-1,1-0,VfB Stuttgart (18)
18,(Sun) 3 Feb 2008 (W5),Werder Bremen (18),1-2,1-0,VfL Bochum (18)
19,(Fri) 8 Feb 2008 (W6),Eintracht Frankfurt (19),2-1,1-0,Arminia Bielefeld (19)
19,(Sat) 9 Feb 2008 (W6),VfL Bochum (19),3-3,2-1,Energie Cottbus (19)
19,(Sat) 9 Feb 2008 (W6),Hannover 96 (19),2-2,1-0,Karlsruher SC (19)
19,(Sat) 9 Feb 2008 (W6),Bayer 04 Leverkusen (19),1-1,0-1,Hamburger SV (19)
19,(Sat) 9 Feb 2008 (W6),1. FC Nürnberg (19),1-1,1-1,Hansa Rostock (19)
19,(Sat) 9 Feb 2008 (W6),VfB Stuttgart (19),1-3,1-2,Hertha BSC (19)
19,(Sat) 9 Feb 2008 (W6),VfL Wolfsburg (19),2-1,1-1,MSV Duisburg (19)
19,(Sun) 10 Feb 2008 (W6),Bayern München (19),1-1,1-1,Werder Bremen (19)
19,(Sun) 10 Feb 2008 (W6),Borussia Dortmund (19),2-3,1-2,FC Schalke 04 (19)
20,(Fri) 15 Feb 2008 (W7),FC Schalke 04 (20),1-2,0-0,VfL Wolfsburg (20)
20,(Sat) 16 Feb 2008 (W7),Energie Cottbus (20),0-2,0-1,Borussia Dortmund (20)
20,(Sat) 16 Feb 2008 (W7),MSV Duisburg (20),2-3,0-2,VfB Stuttgart (20)
20,(Sat) 16 Feb 2008 (W7),Hansa Rostock (20),1-0,0-0,Eintracht Frankfurt (20)
20,(Sat) 16 Feb 2008 (W7),Hertha BSC (20),1-0,0-0,Arminia Bielefeld (20)
20,(Sat) 16 Feb 2008 (W7),Karlsruher SC (20),2-2,0-1,Bayer 04 Leverkusen (20)
20,(Sat) 16 Feb 2008 (W7),Werder Bremen (20),2-0,1-0,1. FC Nürnberg (20)
20,(Sun) 17 Feb 2008 (W7),Hamburger SV (20),3-0,1-0,VfL Bochum (20)
20,(Sun) 17 Feb 2008 (W7),Hannover 96 (20),0-3,0-0,Bayern München (20)
21,(Fri) 22 Feb 2008 (W8),VfL Bochum (21),2-1,1-0,Hannover 96 (21)
21,(Sat) 23 Feb 2008 (W8),Arminia Bielefeld (21),0-2,0-1,MSV Duisburg (21)
21,(Sat) 23 Feb 2008 (W8),Borussia Dortmund (21),1-0,0-0,Hansa Rostock (21)
21,(Sat) 23 Feb 2008 (W8),Eintracht Frankfurt (21),1-0,0-0,Werder Bremen (21)
21,(Sat) 23 Feb 2008 (W8),Bayer 04 Leverkusen (21),1-0,0-0,FC Schalke 04 (21)
21,(Sat) 23 Feb 2008 (W8),VfB Stuttgart (21),3-1,2-0,Karlsruher SC (21)
21,(Sat) 23 Feb 2008 (W8),VfL Wolfsburg (21),0-0,0-0,Hertha BSC (21)
21,(Sun) 24 Feb 2008 (W8),Bayern München (21),1-1,0-0,Hamburger SV (21)
21,(Sun) 24 Feb 2008 (W8),1. FC Nürnberg (21),1-1,0-0,Energie Cottbus (21)
22,(Fri) 29 Feb 2008 (W9),Hertha BSC (22),2-0,2-0,MSV Duisburg (22)
22,(Sat) 1 Mar 2008 (W9),Hannover 96 (22),2-1,1-0,1. FC Nürnberg (22)
22,(Sat) 1 Mar 2008 (W9),Hansa Rostock (22),1-1,0-0,Arminia Bielefeld (22)
22,(Sat) 1 Mar 2008 (W9),Karlsruher SC (22),3-1,1-1,VfL Wolfsburg (22)
22,(Sat) 1 Mar 2008 (W9),FC Schalke 04 (22),0-1,0-1,Bayern München (22)
22,(Sat) 1 Mar 2008 (W9),Werder Bremen (22),2-0,1-0,Borussia Dortmund (22)
22,(Sun) 2 Mar 2008 (W9),VfL Bochum (22),2-0,0-0,Bayer 04 Leverkusen (22)
22,(Sun) 2 Mar 2008 (W9),Hamburger SV (22),4-1,1-0,Eintracht Frankfurt (22)
23,(Fri) 7 Mar 2008 (W10),Borussia Dortmund (23),1-1,1-0,Hertha BSC (23)
23,(Sat) 8 Mar 2008 (W10),Bayern München (23),2-0,1-0,Karlsruher SC (23)
23,(Sat) 8 Mar 2008 (W10),Arminia Bielefeld (23),0-2,0-1,FC Schalke 04 (23)
23,(Sat) 8 Mar 2008 (W10),MSV Duisburg (23),1-1,1-1,Hansa Rostock (23)
23,(Sat) 8 Mar 2008 (W10),Eintracht Frankfurt (23),1-1,0-0,VfL Bochum (23)
23,(Sat) 8 Mar 2008 (W10),VfB Stuttgart (22),6-3,2-1,Werder Bremen (23)
23,(Sat) 8 Mar 2008 (W10),VfL Wolfsburg (23),3-0,2-0,Energie Cottbus (22)
23,(Sun) 9 Mar 2008 (W10),Bayer 04 Leverkusen (23),2-0,2-0,Hannover 96 (23)
23,(Sun) 9 Mar 2008 (W10),1. FC Nürnberg (23),0-0,0-0,Hamburger SV (23)
22,(Tue) 11 Mar 2008 (W11),Energie Cottbus (23),0-1,0-1,VfB Stuttgart (23)
24,(Fri) 14 Mar 2008 (W11),FC Schalke 04 (24),2-1,0-1,MSV Duisburg (24)
24,(Sat) 15 Mar 2008 (W11),VfL Bochum (24),1-1,1-0,VfB Stuttgart (24)
24,(Sat) 15 Mar 2008 (W11),Energie Cottbus (24),2-0,2-0,Bayern München (24)
24,(Sat) 15 Mar 2008 (W11),Hamburger SV (24),1-0,0-0,Borussia Dortmund (24)
24,(Sat) 15 Mar 2008 (W11),Hannover 96 (24),2-2,1-2,Arminia Bielefeld (24)
24,(Sat) 15 Mar 2008 (W11),Hansa Rostock (24),0-0,0-0,Hertha BSC (24)
24,(Sat) 15 Mar 2008 (W11),Karlsruher SC (24),0-1,0-1,Eintracht Frankfurt (24)
24,(Sun) 16 Mar 2008 (W11),Bayer 04 Leverkusen (24),4-1,1-1,1. FC Nürnberg (24)
24,(Sun) 16 Mar 2008 (W11),Werder Bremen (24),0-1,0-0,VfL Wolfsburg (24)
25,(Thu) 20 Mar 2008 (W12),Eintracht Frankfurt (25),2-1,0-0,Energie Cottbus (25)
25,(Sat) 22 Mar 2008 (W12),Bayern München (25),2-1,1-0,Bayer 04 Leverkusen (25)
25,(Sat) 22 Mar 2008 (W12),Borussia Dortmund (25),1-1,1-0,Karlsruher SC (25)
25,(Sat) 22 Mar 2008 (W12),MSV Duisburg (25),1-1,0-1,Hannover 96 (25)
25,(Sat) 22 Mar 2008 (W12),1. FC Nürnberg (25),1-1,1-1,VfL Bochum (25)
25,(Sat) 22 Mar 2008 (W12),VfB Stuttgart (25),4-1,0-0,Hansa Rostock (25)
25,(Sat) 22 Mar 2008 (W12),VfL Wolfsburg (25),1-1,0-1,Hamburger SV (25)
25,(Sun) 23 Mar 2008 (W12),Arminia Bielefeld (25),1-1,1-0,Werder Bremen (25)
25,(Sun) 23 Mar 2008 (W12),Hertha BSC (25),1-2,0-2,FC Schalke 04 (25)
26,(Fri) 28 Mar 2008 (W13),Hansa Rostock (26),0-1,0-0,VfL Wolfsburg (26)
26,(Sat) 29 Mar 2008 (W13),VfL Bochum (26),3-3,3-2,Borussia Dortmund (26)
26,(Sat) 29 Mar 2008 (W13),Hamburger SV (26),1-1,0-0,Arminia Bielefeld (26)
26,(Sat) 29 Mar 2008 (W13),Karlsruher SC (26),0-0,0-0,FC Schalke 04 (26)
26,(Sat) 29 Mar 2008 (W13),Bayer 04 Leverkusen (26),0-2,0-1,Eintracht Frankfurt (26)
26,(Sat) 29 Mar 2008 (W13),1. FC Nürnberg (26),1-1,1-0,Bayern München (26)
26,(Sat) 29 Mar 2008 (W13),Werder Bremen (26),1-2,0-2,MSV Duisburg (26)
26,(Sun) 30 Mar 2008 (W13),Energie Cottbus (26),2-1,1-1,Hertha BSC (26)
26,(Sun) 30 Mar 2008 (W13),Hannover 96 (26),0-0,0-0,VfB Stuttgart (26)
27,(Fri) 4 Apr 2008 (W14),MSV Duisburg (27),0-1,0-1,Energie Cottbus (27)
27,(Sat) 5 Apr 2008 (W14),Arminia Bielefeld (27),1-0,0-0,Karlsruher SC (27)
27,(Sat) 5 Apr 2008 (W14),Eintracht Frankfurt (27),1-3,1-1,1. FC Nürnberg (27)
27,(Sat) 5 Apr 2008 (W14),Hertha BSC (27),1-2,1-1,Werder Bremen (27)
27,(Sat) 5 Apr 2008 (W14),FC Schalke 04 (27),1-0,0-0,Hansa Rostock (27)
27,(Sat) 5 Apr 2008 (W14),VfB Stuttgart (27),1-0,1-0,Hamburger SV (27)
27,(Sat) 5 Apr 2008 (W14),VfL Wolfsburg (27),3-2,2-1,Hannover 96 (27)
27,(Sun) 6 Apr 2008 (W14),Bayern München (27),3-1,1-1,VfL Bochum (27)
27,(Sun) 6 Apr 2008 (W14),Borussia Dortmund (27),2-1,0-0,Bayer 04 Leverkusen (27)
28,(Sat) 12 Apr 2008 (W15),VfL Bochum (28),1-1,1-1,Hertha BSC (28)
28,(Sat) 12 Apr 2008 (W15),Energie Cottbus (28),1-0,0-0,Arminia Bielefeld (28)
28,(Sat) 12 Apr 2008 (W15),Hamburger SV (28),0-1,0-0,MSV Duisburg (28)
28,(Sat) 12 Apr 2008 (W15),Hannover 96 (28),2-1,1-1,Eintracht Frankfurt (28)
28,(Sat) 12 Apr 2008 (W15),Karlsruher SC (28),1-2,0-1,Hansa Rostock (28)
28,(Sat) 12 Apr 2008 (W15),Werder Bremen (28),5-1,2-1,FC Schalke 04 (28)
28,(Sun) 13 Apr 2008 (W15),Bayern München (28),5-0,4-0,Borussia Dortmund (28)
28,(Sun) 13 Apr 2008 (W15),Bayer 04 Leverkusen (28),3-0,2-0,VfB Stuttgart (28)
29,(Tue) 15 Apr 2008 (W16),Hansa Rostock (29),1-2,0-0,Werder Bremen (29)
29,(Tue) 15 Apr 2008 (W16),Hertha BSC (29),0-0,0-0,Hamburger SV (29)
29,(Tue) 15 Apr 2008 (W16),FC Schalke 04 (29),5-0,3-0,Energie Cottbus (29)
29,(Tue) 15 Apr 2008 (W16),VfL Wolfsburg (28),0-1,0-0,VfL Bochum (29)
29,(Wed) 16 Apr 2008 (W16),Arminia Bielefeld (29),1-0,0-0,Bayer 04 Leverkusen (29)
29,(Wed) 16 Apr 2008 (W16),Borussia Dortmund (29),1-3,0-2,Hannover 96 (29)
29,(Wed) 16 Apr 2008 (W16),MSV Duisburg (29),0-1,0-0,Karlsruher SC (29)
29,(Wed) 16 Apr 2008 (W16),Eintracht Frankfurt (29),1-3,1-0,Bayern München (29)
29,(Wed) 16 Apr 2008 (W16),VfB Stuttgart (29),3-0,3-0,1. FC Nürnberg (28)
28,(Sun) 20 Apr 2008 (W16),1. FC Nürnberg (29),1-0,0-0,VfL Wolfsburg (29)
30,(Fri) 25 Apr 2008 (W17),Eintracht Frankfurt (30),1-1,0-0,Borussia Dortmund (30)
30,(Sat) 26 Apr 2008 (W17),VfL Bochum (30),1-1,0-1,MSV Duisburg (30)
30,(Sat) 26 Apr 2008 (W17),Energie Cottbus (30),2-1,0-1,Hansa Rostock (30)
30,(Sat) 26 Apr 2008 (W17),Hamburger SV (30),0-1,0-1,FC Schalke 04 (30)
30,(Sat) 26 Apr 2008 (W17),Hannover 96 (30),2-2,2-0,Hertha BSC (30)
30,(Sat) 26 Apr 2008 (W17),Karlsruher SC (30),3-3,1-2,Werder Bremen (30)
30,(Sat) 26 Apr 2008 (W17),1. FC Nürnberg (30),2-2,2-0,Arminia Bielefeld (30)
30,(Sun) 27 Apr 2008 (W17),Bayern München (30),4-1,1-1,VfB Stuttgart (30)
30,(Sun) 27 Apr 2008 (W17),Bayer 04 Leverkusen (30),2-2,1-2,VfL Wolfsburg (30)
31,(Fri) 2 May 2008 (W18),Borussia Dortmund (31),0-0,0-0,1. FC Nürnberg (31)
31,(Sat) 3 May 2008 (W18),Arminia Bielefeld (31),2-0,0-0,VfL Bochum (31)
31,(Sat) 3 May 2008 (W18),Hansa Rostock (31),1-3,0-2,Hamburger SV (31)
31,(Sat) 3 May 2008 (W18),Hertha BSC (31),3-1,2-0,Karlsruher SC (31)
31,(Sat) 3 May 2008 (W18),FC Schalke 04 (31),1-1,1-1,Hannover 96 (31)
31,(Sat) 3 May 2008 (W18),VfB Stuttgart (31),4-1,3-0,Eintracht Frankfurt (31)
31,(Sat) 3 May 2008 (W18),Werder Bremen (31),2-0,0-0,Energie Cottbus (31)
31,(Sun) 4 May 2008 (W18),MSV Duisburg (31),3-2,2-1,Bayer 04 Leverkusen (31)
31,(Sun) 4 May 2008 (W18),VfL Wolfsburg (31),0-0,0-0,Bayern München (31)
32,(Tue) 6 May 2008 (W19),VfL Bochum (32),0-3,0-1,FC Schalke 04 (32)
32,(Tue) 6 May 2008 (W19),Borussia Dortmund (32),3-2,1-0,VfB Stuttgart (32)
32,(Tue) 6 May 2008 (W19),Hannover 96 (32),3-0,1-0,Hansa Rostock (32)
32,(Tue) 6 May 2008 (W19),Karlsruher SC (32),1-1,0-0,Energie Cottbus (32)
32,(Wed) 7 May 2008 (W19),Bayern München (32),2-0,1-0,Arminia Bielefeld (32)
32,(Wed) 7 May 2008 (W19),Eintracht Frankfurt (32),2-3,1-2,VfL Wolfsburg (32)
32,(Wed) 7 May 2008 (W19),Hamburger SV (32),0-1,0-0,Werder Bremen (32)
32,(Wed) 7 May 2008 (W19),Bayer 04 Leverkusen (32),1-2,0-1,Hertha BSC (32)
32,(Wed) 7 May 2008 (W19),1. FC Nürnberg (32),2-0,2-0,MSV Duisburg (32)
33,(Sat) 10 May 2008 (W19),Arminia Bielefeld (33),2-2,2-1,Borussia Dortmund (33)
33,(Sat) 10 May 2008 (W19),Energie Cottbus (33),2-0,1-0,Hamburger SV (33)
33,(Sat) 10 May 2008 (W19),MSV Duisburg (33),2-3,0-3,Bayern München (33)
33,(Sat) 10 May 2008 (W19),Hansa Rostock (33),1-2,0-1,Bayer 04 Leverkusen (33)
33,(Sat) 10 May 2008 (W19),Hertha BSC (33),1-0,0-0,1. FC Nürnberg (33)
33,(Sat) 10 May 2008 (W19),Karlsruher SC (33),1-3,0-1,VfL Bochum (33)
33,(Sat) 10 May 2008 (W19),FC Schalke 04 (33),1-0,0-0,Eintracht Frankfurt (33)
33,(Sat) 10 May 2008 (W19),Werder Bremen (33),6-1,2-0,Hannover 96 (33)
33,(Sat) 10 May 2008 (W19),VfL Wolfsburg (33),4-0,2-0,VfB Stuttgart (33)
34,(Sat) 17 May 2008 (W20),Bayern München (34),4-1,3-0,Hertha BSC (34)
34,(Sat) 17 May 2008 (W20),VfL Bochum (34),1-2,1-1,Hansa Rostock (34)
34,(Sat) 17 May 2008 (W20),Borussia Dortmund (34),2-4,1-2,VfL Wolfsburg (34)
34,(Sat) 17 May 2008 (W20),Eintracht Frankfurt (34),4-2,3-0,MSV Duisburg (34)
34,(Sat) 17 May 2008 (W20),Hamburger SV (34),7-0,3-0,Karlsruher SC (34)
34,(Sat) 17 May 2008 (W20),Hannover 96 (34),4-0,2-0,Energie Cottbus (34)
34,(Sat) 17 May 2008 (W20),Bayer 04 Leverkusen (34),0-1,0-0,Werder Bremen (34)
34,(Sat) 17 May 2008 (W20),1. FC Nürnberg (34),0-2,0-1,FC Schalke 04 (34)
34,(Sat) 17 May 2008 (W20),VfB Stuttgart (34),2-2,0-1,Arminia Bielefeld (34)
