Round,Date,Team 1,FT,HT,Team 2
?,(Fri) 14 Aug 1998 (W33),MSV Duisburg (1),2-1,1-1,Eintracht Frankfurt (1)
?,(Fri) 14 Aug 1998 (W33),VfB Stuttgart (1),2-1,2-1,Borussia Dortmund (1)
?,(Sat) 15 Aug 1998 (W33),VfL Bochum (1),1-2,0-0,SC Freiburg (1)
?,(Sat) 15 Aug 1998 (W33),Bayer 04 Leverkusen (1),3-1,1-1,Hansa Rostock (1)
?,(Sat) 15 Aug 1998 (W33),Bor. Mönchengladbach (1),3-0,2-0,FC Schalke 04 (1)
?,(Sat) 15 Aug 1998 (W33),TSV 1860 München (1),1-2,1-1,1. FC Kaiserslautern (1)
?,(Sat) 15 Aug 1998 (W33),1. FC Nürnberg (1),1-1,0-0,Hamburger SV (1)
?,(Sat) 15 Aug 1998 (W33),VfL Wolfsburg (1),0-1,0-0,Bayern München (1)
?,(Sun) 16 Aug 1998 (W33),Hertha BSC (1),1-0,0-0,Werder Bremen (1)
?,(Fri) 21 Aug 1998 (W34),Hansa Rostock (2),3-3,2-2,VfL Wolfsburg (2)
?,(Fri) 21 Aug 1998 (W34),Werder Bremen (2),2-3,2-2,1. FC Nürnberg (2)
?,(Sat) 22 Aug 1998 (W34),Bayern München (2),3-1,1-1,MSV Duisburg (2)
?,(Sat) 22 Aug 1998 (W34),Borussia Dortmund (2),3-0,1-0,Hertha BSC (2)
?,(Sat) 22 Aug 1998 (W34),Eintracht Frankfurt (2),2-3,1-1,TSV 1860 München (2)
?,(Sat) 22 Aug 1998 (W34),SC Freiburg (2),1-1,0-0,Bayer 04 Leverkusen (2)
?,(Sat) 22 Aug 1998 (W34),1. FC Kaiserslautern (2),2-1,1-0,Bor. Mönchengladbach (2)
?,(Sat) 22 Aug 1998 (W34),FC Schalke 04 (2),1-0,0-0,VfB Stuttgart (2)
?,(Sun) 23 Aug 1998 (W34),Hamburger SV (2),1-0,1-0,VfL Bochum (2)
?,(Tue) 8 Sep 1998 (W37),VfL Bochum (3),2-0,1-0,Werder Bremen (3)
?,(Tue) 8 Sep 1998 (W37),MSV Duisburg (3),1-1,1-0,TSV 1860 München (3)
?,(Tue) 8 Sep 1998 (W37),Bor. Mönchengladbach (3),1-1,0-0,Eintracht Frankfurt (3)
?,(Tue) 8 Sep 1998 (W37),VfB Stuttgart (3),4-0,1-0,1. FC Kaiserslautern (3)
?,(Tue) 8 Sep 1998 (W37),VfL Wolfsburg (3),1-1,0-1,SC Freiburg (3)
?,(Wed) 9 Sep 1998 (W37),Bayern München (3),6-1,0-0,Hansa Rostock (3)
?,(Wed) 9 Sep 1998 (W37),Hertha BSC (3),2-0,0-0,FC Schalke 04 (3)
?,(Wed) 9 Sep 1998 (W37),Bayer 04 Leverkusen (3),1-2,0-0,Hamburger SV (3)
?,(Wed) 9 Sep 1998 (W37),1. FC Nürnberg (3),0-0,0-0,Borussia Dortmund (3)
?,(Fri) 11 Sep 1998 (W37),Eintracht Frankfurt (4),1-1,0-0,VfB Stuttgart (4)
?,(Fri) 11 Sep 1998 (W37),TSV 1860 München (4),3-1,2-0,Bor. Mönchengladbach (4)
?,(Sat) 12 Sep 1998 (W37),SC Freiburg (4),0-2,0-2,Bayern München (4)
?,(Sat) 12 Sep 1998 (W37),Hamburger SV (4),1-1,1-0,VfL Wolfsburg (4)
?,(Sat) 12 Sep 1998 (W37),Hansa Rostock (4),3-0,0-0,MSV Duisburg (4)
?,(Sat) 12 Sep 1998 (W37),1. FC Kaiserslautern (4),4-3,1-2,Hertha BSC (4)
?,(Sat) 12 Sep 1998 (W37),FC Schalke 04 (4),2-2,2-0,1. FC Nürnberg (4)
?,(Sat) 12 Sep 1998 (W37),Werder Bremen (4),2-2,0-1,Bayer 04 Leverkusen (4)
?,(Sun) 13 Sep 1998 (W37),Borussia Dortmund (4),0-1,0-0,VfL Bochum (4)
?,(Fri) 18 Sep 1998 (W38),Hansa Rostock (5),0-2,0-0,SC Freiburg (5)
?,(Fri) 18 Sep 1998 (W38),Hertha BSC (5),3-1,1-1,Eintracht Frankfurt (5)
?,(Sat) 19 Sep 1998 (W38),VfL Bochum (5),1-2,0-0,FC Schalke 04 (5)
?,(Sat) 19 Sep 1998 (W38),Bayer 04 Leverkusen (5),3-1,1-0,Borussia Dortmund (5)
?,(Sat) 19 Sep 1998 (W38),1. FC Nürnberg (5),1-1,1-0,1. FC Kaiserslautern (5)
?,(Sat) 19 Sep 1998 (W38),VfB Stuttgart (5),0-1,0-0,TSV 1860 München (5)
?,(Sat) 19 Sep 1998 (W38),VfL Wolfsburg (5),2-4,0-3,Werder Bremen (5)
?,(Sun) 20 Sep 1998 (W38),Bayern München (5),5-3,2-1,Hamburger SV (5)
?,(Sun) 20 Sep 1998 (W38),MSV Duisburg (5),2-2,1-0,Bor. Mönchengladbach (5)
?,(Fri) 25 Sep 1998 (W39),Hamburger SV (6),1-0,0-0,Hansa Rostock (6)
?,(Fri) 25 Sep 1998 (W39),TSV 1860 München (6),2-0,1-0,Hertha BSC (6)
?,(Sat) 26 Sep 1998 (W39),Borussia Dortmund (6),2-1,1-1,VfL Wolfsburg (6)
?,(Sat) 26 Sep 1998 (W39),SC Freiburg (6),2-2,1-0,MSV Duisburg (6)
?,(Sat) 26 Sep 1998 (W39),1. FC Kaiserslautern (6),2-3,1-0,VfL Bochum (6)
?,(Sat) 26 Sep 1998 (W39),Bor. Mönchengladbach (6),2-3,2-2,VfB Stuttgart (6)
?,(Sat) 26 Sep 1998 (W39),FC Schalke 04 (6),0-1,0-0,Bayer 04 Leverkusen (6)
?,(Sat) 26 Sep 1998 (W39),Werder Bremen (6),0-1,0-0,Bayern München (6)
?,(Sun) 27 Sep 1998 (W39),Eintracht Frankfurt (6),3-2,1-1,1. FC Nürnberg (6)
?,(Fri) 2 Oct 1998 (W40),Hertha BSC (7),4-1,1-1,Bor. Mönchengladbach (7)
?,(Fri) 2 Oct 1998 (W40),VfL Wolfsburg (7),0-0,0-0,FC Schalke 04 (7)
?,(Sat) 3 Oct 1998 (W40),VfL Bochum (7),0-0,0-0,Eintracht Frankfurt (7)
?,(Sat) 3 Oct 1998 (W40),SC Freiburg (7),0-0,0-0,Hamburger SV (7)
?,(Sat) 3 Oct 1998 (W40),Hansa Rostock (7),2-1,1-1,Werder Bremen (7)
?,(Sat) 3 Oct 1998 (W40),Bayer 04 Leverkusen (7),2-2,1-2,1. FC Kaiserslautern (7)
?,(Sat) 3 Oct 1998 (W40),1. FC Nürnberg (7),1-5,0-2,TSV 1860 München (7)
?,(Sun) 4 Oct 1998 (W40),Bayern München (7),2-2,2-1,Borussia Dortmund (7)
?,(Sun) 4 Oct 1998 (W40),MSV Duisburg (7),2-0,1-0,VfB Stuttgart (7)
?,(Fri) 16 Oct 1998 (W42),1. FC Kaiserslautern (8),1-1,0-0,VfL Wolfsburg (8)
?,(Fri) 16 Oct 1998 (W42),TSV 1860 München (8),2-1,2-1,VfL Bochum (8)
?,(Sat) 17 Oct 1998 (W42),Eintracht Frankfurt (8),2-3,2-0,Bayer 04 Leverkusen (8)
?,(Sat) 17 Oct 1998 (W42),Hamburger SV (8),4-1,2-0,MSV Duisburg (8)
?,(Sat) 17 Oct 1998 (W42),Bor. Mönchengladbach (8),0-2,0-1,1. FC Nürnberg (8)
?,(Sat) 17 Oct 1998 (W42),FC Schalke 04 (8),1-3,1-2,Bayern München (8)
?,(Sat) 17 Oct 1998 (W42),VfB Stuttgart (8),0-0,0-0,Hertha BSC (8)
?,(Sat) 17 Oct 1998 (W42),Werder Bremen (8),2-3,1-3,SC Freiburg (8)
?,(Sun) 18 Oct 1998 (W42),Borussia Dortmund (8),2-0,1-0,Hansa Rostock (8)
?,(Fri) 23 Oct 1998 (W43),SC Freiburg (9),2-2,1-1,Borussia Dortmund (9)
?,(Fri) 23 Oct 1998 (W43),Hamburger SV (9),1-1,0-0,Werder Bremen (9)
?,(Sat) 24 Oct 1998 (W43),Bayern München (9),4-0,2-0,1. FC Kaiserslautern (9)
?,(Sat) 24 Oct 1998 (W43),VfL Bochum (9),2-1,1-1,Bor. Mönchengladbach (9)
?,(Sat) 24 Oct 1998 (W43),Hansa Rostock (9),2-2,0-0,FC Schalke 04 (9)
?,(Sat) 24 Oct 1998 (W43),1. FC Nürnberg (9),2-2,0-2,VfB Stuttgart (9)
?,(Sat) 24 Oct 1998 (W43),VfL Wolfsburg (9),2-0,1-0,Eintracht Frankfurt (9)
?,(Sun) 25 Oct 1998 (W43),MSV Duisburg (9),0-0,0-0,Hertha BSC (9)
?,(Sun) 25 Oct 1998 (W43),Bayer 04 Leverkusen (9),1-1,1-0,TSV 1860 München (9)
?,(Fri) 30 Oct 1998 (W44),1. FC Kaiserslautern (10),3-2,0-2,Hansa Rostock (10)
?,(Fri) 30 Oct 1998 (W44),Bor. Mönchengladbach (10),2-8,0-4,Bayer 04 Leverkusen (10)
?,(Sat) 31 Oct 1998 (W44),Eintracht Frankfurt (10),1-0,1-0,Bayern München (10)
?,(Sat) 31 Oct 1998 (W44),TSV 1860 München (10),2-3,0-1,VfL Wolfsburg (10)
?,(Sat) 31 Oct 1998 (W44),VfB Stuttgart (10),4-2,2-1,VfL Bochum (10)
?,(Sat) 31 Oct 1998 (W44),Werder Bremen (10),1-1,0-1,MSV Duisburg (10)
?,(Sun) 1 Nov 1998 (W44),Hertha BSC (10),3-0,3-0,1. FC Nürnberg (10)
?,(Tue) 3 Nov 1998 (W45),FC Schalke 04 (10),1-1,1-0,SC Freiburg (10)
?,(Fri) 6 Nov 1998 (W45),MSV Duisburg (11),1-1,0-1,1. FC Nürnberg (11)
?,(Fri) 6 Nov 1998 (W45),Werder Bremen (11),1-1,0-1,Borussia Dortmund (10)
?,(Sat) 7 Nov 1998 (W45),Bayern München (11),3-1,0-0,TSV 1860 München (11)
?,(Sat) 7 Nov 1998 (W45),VfL Bochum (11),2-0,0-0,Hertha BSC (11)
?,(Sat) 7 Nov 1998 (W45),SC Freiburg (11),0-1,0-1,1. FC Kaiserslautern (11)
?,(Sat) 7 Nov 1998 (W45),Hamburger SV (10),2-2,1-0,FC Schalke 04 (11)
?,(Sat) 7 Nov 1998 (W45),Hansa Rostock (11),2-2,1-1,Eintracht Frankfurt (11)
?,(Sat) 7 Nov 1998 (W45),VfL Wolfsburg (11),7-1,4-1,Bor. Mönchengladbach (11)
?,(Sun) 8 Nov 1998 (W45),Bayer 04 Leverkusen (11),0-0,0-0,VfB Stuttgart (11)
?,(Tue) 10 Nov 1998 (W46),1. FC Kaiserslautern (12),1-0,0-0,Hamburger SV (11)
?,(Tue) 10 Nov 1998 (W46),TSV 1860 München (12),2-1,1-0,Hansa Rostock (12)
?,(Wed) 11 Nov 1998 (W46),Borussia Dortmund (11),2-0,2-0,MSV Duisburg (12)
?,(Wed) 11 Nov 1998 (W46),Eintracht Frankfurt (12),3-1,2-1,SC Freiburg (12)
?,(Wed) 11 Nov 1998 (W46),Hertha BSC (12),0-1,0-0,Bayer 04 Leverkusen (12)
?,(Wed) 11 Nov 1998 (W46),1. FC Nürnberg (12),2-2,1-1,VfL Bochum (12)
?,(Wed) 11 Nov 1998 (W46),VfB Stuttgart (12),1-2,1-1,VfL Wolfsburg (12)
?,(Fri) 13 Nov 1998 (W46),Hansa Rostock (13),1-1,0-1,Bor. Mönchengladbach (12)
?,(Fri) 13 Nov 1998 (W46),Werder Bremen (12),0-1,0-0,1. FC Kaiserslautern (13)
?,(Sat) 14 Nov 1998 (W46),Bayern München (12),2-0,0-0,VfB Stuttgart (13)
?,(Sat) 14 Nov 1998 (W46),Borussia Dortmund (12),3-0,2-0,FC Schalke 04 (12)
?,(Sat) 14 Nov 1998 (W46),MSV Duisburg (13),2-0,1-0,VfL Bochum (13)
?,(Sat) 14 Nov 1998 (W46),Hamburger SV (12),0-1,0-1,Eintracht Frankfurt (13)
?,(Sat) 14 Nov 1998 (W46),Bayer 04 Leverkusen (13),3-0,3-0,1. FC Nürnberg (13)
?,(Sat) 14 Nov 1998 (W46),VfL Wolfsburg (13),2-1,2-1,Hertha BSC (13)
?,(Sun) 15 Nov 1998 (W46),SC Freiburg (13),1-2,1-0,TSV 1860 München (13)
?,(Fri) 20 Nov 1998 (W47),Eintracht Frankfurt (14),0-2,0-0,Werder Bremen (13)
?,(Fri) 20 Nov 1998 (W47),FC Schalke 04 (13),2-0,1-0,MSV Duisburg (14)
?,(Sat) 21 Nov 1998 (W47),VfL Bochum (14),1-5,0-2,Bayer 04 Leverkusen (14)
?,(Sat) 21 Nov 1998 (W47),Hertha BSC (14),1-0,0-0,Bayern München (13)
?,(Sat) 21 Nov 1998 (W47),1. FC Kaiserslautern (14),1-0,0-0,Borussia Dortmund (13)
?,(Sat) 21 Nov 1998 (W47),TSV 1860 München (14),0-0,0-0,Hamburger SV (13)
?,(Sat) 21 Nov 1998 (W47),1. FC Nürnberg (14),1-1,0-0,VfL Wolfsburg (14)
?,(Sat) 21 Nov 1998 (W47),VfB Stuttgart (14),1-1,1-0,Hansa Rostock (14)
?,(Sun) 22 Nov 1998 (W47),Bor. Mönchengladbach (13),3-1,2-1,SC Freiburg (14)
?,(Tue) 24 Nov 1998 (W48),Borussia Dortmund (14),2-1,1-0,Hamburger SV (14)
?,(Tue) 24 Nov 1998 (W48),FC Schalke 04 (14),1-2,0-0,Werder Bremen (14)
?,(Fri) 27 Nov 1998 (W48),Borussia Dortmund (15),3-1,1-0,Eintracht Frankfurt (15)
?,(Fri) 27 Nov 1998 (W48),Hansa Rostock (15),1-2,0-0,Hertha BSC (15)
?,(Sat) 28 Nov 1998 (W48),Bayern München (14),2-0,1-0,1. FC Nürnberg (15)
?,(Sat) 28 Nov 1998 (W48),SC Freiburg (15),2-0,2-0,VfB Stuttgart (15)
?,(Sat) 28 Nov 1998 (W48),Hamburger SV (15),3-0,2-0,Bor. Mönchengladbach (14)
?,(Sat) 28 Nov 1998 (W48),Bayer 04 Leverkusen (15),2-0,1-0,MSV Duisburg (15)
?,(Sat) 28 Nov 1998 (W48),Werder Bremen (15),4-1,1-1,TSV 1860 München (15)
?,(Sat) 28 Nov 1998 (W48),VfL Wolfsburg (15),4-1,2-1,VfL Bochum (15)
?,(Sun) 29 Nov 1998 (W48),1. FC Kaiserslautern (15),4-1,1-1,FC Schalke 04 (15)
?,(Fri) 4 Dec 1998 (W49),VfL Bochum (16),2-2,1-1,Bayern München (15)
?,(Fri) 4 Dec 1998 (W49),1. FC Nürnberg (16),2-2,2-1,Hansa Rostock (16)
?,(Sat) 5 Dec 1998 (W49),Eintracht Frankfurt (16),1-2,0-2,FC Schalke 04 (16)
?,(Sat) 5 Dec 1998 (W49),Bayer 04 Leverkusen (16),3-0,2-0,VfL Wolfsburg (16)
?,(Sat) 5 Dec 1998 (W49),VfB Stuttgart (16),3-1,1-1,Hamburger SV (16)
?,(Sun) 6 Dec 1998 (W49),TSV 1860 München (16),2-0,1-0,Borussia Dortmund (16)
?,(Tue) 8 Dec 1998 (W50),Bor. Mönchengladbach (15),0-1,0-1,Werder Bremen (16)
?,(Fri) 11 Dec 1998 (W50),Borussia Dortmund (17),1-1,1-1,Bor. Mönchengladbach (16)
?,(Fri) 11 Dec 1998 (W50),Hamburger SV (17),0-4,0-1,Hertha BSC (16)
?,(Sat) 12 Dec 1998 (W50),SC Freiburg (16),1-0,1-0,1. FC Nürnberg (17)
?,(Sat) 12 Dec 1998 (W50),Hansa Rostock (17),3-0,1-0,VfL Bochum (17)
?,(Sat) 12 Dec 1998 (W50),1. FC Kaiserslautern (16),2-1,1-0,Eintracht Frankfurt (17)
?,(Sat) 12 Dec 1998 (W50),FC Schalke 04 (17),2-2,0-1,TSV 1860 München (17)
?,(Sat) 12 Dec 1998 (W50),Werder Bremen (17),2-2,0-1,VfB Stuttgart (17)
?,(Sat) 12 Dec 1998 (W50),VfL Wolfsburg (17),4-2,1-0,MSV Duisburg (16)
?,(Sun) 13 Dec 1998 (W50),Bayern München (16),2-0,2-0,Bayer 04 Leverkusen (17)
?,(Tue) 15 Dec 1998 (W51),Hertha BSC (17),1-0,1-0,SC Freiburg (17)
?,(Wed) 16 Dec 1998 (W51),MSV Duisburg (17),3-1,0-1,1. FC Kaiserslautern (17)
?,(Wed) 16 Dec 1998 (W51),Bor. Mönchengladbach (17),0-2,0-2,Bayern München (17)
?,(Fri) 18 Dec 1998 (W51),Borussia Dortmund (18),3-0,1-0,VfB Stuttgart (18)
?,(Fri) 18 Dec 1998 (W51),SC Freiburg (18),1-1,0-0,VfL Bochum (18)
?,(Sat) 19 Dec 1998 (W51),Bayern München (18),3-0,1-0,VfL Wolfsburg (18)
?,(Sat) 19 Dec 1998 (W51),Eintracht Frankfurt (18),0-0,0-0,MSV Duisburg (18)
?,(Sat) 19 Dec 1998 (W51),Hamburger SV (18),2-0,0-0,1. FC Nürnberg (18)
?,(Sat) 19 Dec 1998 (W51),Hansa Rostock (18),1-1,0-1,Bayer 04 Leverkusen (18)
?,(Sat) 19 Dec 1998 (W51),1. FC Kaiserslautern (18),1-1,0-0,TSV 1860 München (18)
?,(Sat) 19 Dec 1998 (W51),FC Schalke 04 (18),1-0,0-0,Bor. Mönchengladbach (18)
?,(Sun) 20 Dec 1998 (W51),Werder Bremen (18),2-1,1-0,Hertha BSC (18)
?,(Fri) 19 Feb 1999 (W7),VfL Wolfsburg (19),1-1,0-1,Hansa Rostock (19)
?,(Sat) 20 Feb 1999 (W7),MSV Duisburg (19),0-3,0-2,Bayern München (19)
?,(Sat) 20 Feb 1999 (W7),Hertha BSC (19),3-0,0-0,Borussia Dortmund (19)
?,(Sat) 20 Feb 1999 (W7),Bayer 04 Leverkusen (19),1-1,0-1,SC Freiburg (19)
?,(Sat) 20 Feb 1999 (W7),TSV 1860 München (19),4-1,4-0,Eintracht Frankfurt (19)
?,(Sat) 20 Feb 1999 (W7),1. FC Nürnberg (19),1-1,1-1,Werder Bremen (19)
?,(Sat) 20 Feb 1999 (W7),VfB Stuttgart (19),2-1,0-0,FC Schalke 04 (19)
?,(Sun) 21 Feb 1999 (W7),Bor. Mönchengladbach (19),0-2,0-1,1. FC Kaiserslautern (19)
?,(Fri) 26 Feb 1999 (W8),1. FC Kaiserslautern (20),1-1,0-0,VfB Stuttgart (20)
?,(Fri) 26 Feb 1999 (W8),Werder Bremen (20),1-1,0-1,VfL Bochum (19)
?,(Sat) 27 Feb 1999 (W8),Borussia Dortmund (20),3-0,1-0,1. FC Nürnberg (20)
?,(Sat) 27 Feb 1999 (W8),Eintracht Frankfurt (20),0-0,0-0,Bor. Mönchengladbach (20)
?,(Sat) 27 Feb 1999 (W8),SC Freiburg (20),0-0,0-0,VfL Wolfsburg (20)
?,(Sat) 27 Feb 1999 (W8),Hamburger SV (19),0-0,0-0,Bayer 04 Leverkusen (20)
?,(Sat) 27 Feb 1999 (W8),Hansa Rostock (20),0-4,0-0,Bayern München (20)
?,(Sat) 27 Feb 1999 (W8),TSV 1860 München (20),0-0,0-0,MSV Duisburg (20)
?,(Sun) 28 Feb 1999 (W8),FC Schalke 04 (20),0-0,0-0,Hertha BSC (20)
?,(Fri) 5 Mar 1999 (W9),MSV Duisburg (21),4-1,3-0,Hansa Rostock (21)
?,(Fri) 5 Mar 1999 (W9),1. FC Nürnberg (21),3-0,2-0,FC Schalke 04 (21)
?,(Sat) 6 Mar 1999 (W9),Bayern München (21),2-0,1-0,SC Freiburg (21)
?,(Sat) 6 Mar 1999 (W9),VfL Bochum (20),0-1,0-1,Borussia Dortmund (21)
?,(Sat) 6 Mar 1999 (W9),Hertha BSC (21),1-1,0-1,1. FC Kaiserslautern (21)
?,(Sat) 6 Mar 1999 (W9),Bor. Mönchengladbach (21),2-0,1-0,TSV 1860 München (21)
?,(Sat) 6 Mar 1999 (W9),VfB Stuttgart (21),2-0,1-0,Eintracht Frankfurt (21)
?,(Sat) 6 Mar 1999 (W9),VfL Wolfsburg (21),4-1,1-1,Hamburger SV (20)
?,(Sun) 7 Mar 1999 (W9),Bayer 04 Leverkusen (21),2-0,0-0,Werder Bremen (21)
?,(Fri) 12 Mar 1999 (W10),Borussia Dortmund (22),1-0,1-0,Bayer 04 Leverkusen (22)
?,(Fri) 12 Mar 1999 (W10),SC Freiburg (22),3-0,0-0,Hansa Rostock (22)
?,(Sat) 13 Mar 1999 (W10),Hamburger SV (21),0-2,0-2,Bayern München (22)
?,(Sat) 13 Mar 1999 (W10),1. FC Kaiserslautern (22),2-0,1-0,1. FC Nürnberg (22)
?,(Sat) 13 Mar 1999 (W10),Bor. Mönchengladbach (22),0-2,0-0,MSV Duisburg (22)
?,(Sat) 13 Mar 1999 (W10),TSV 1860 München (22),1-1,0-0,VfB Stuttgart (22)
?,(Sat) 13 Mar 1999 (W10),FC Schalke 04 (22),2-2,2-2,VfL Bochum (21)
?,(Sat) 13 Mar 1999 (W10),Werder Bremen (22),0-1,0-0,VfL Wolfsburg (22)
?,(Sun) 14 Mar 1999 (W10),Eintracht Frankfurt (22),1-1,0-0,Hertha BSC (22)
?,(Tue) 16 Mar 1999 (W11),VfL Bochum (22),2-0,1-0,Hamburger SV (22)
?,(Fri) 19 Mar 1999 (W11),Bayer 04 Leverkusen (23),1-1,1-0,FC Schalke 04 (23)
?,(Fri) 19 Mar 1999 (W11),VfL Wolfsburg (23),0-0,0-0,Borussia Dortmund (23)
?,(Sat) 20 Mar 1999 (W11),Bayern München (23),1-0,0-0,Werder Bremen (23)
?,(Sat) 20 Mar 1999 (W11),VfL Bochum (23),1-2,1-0,1. FC Kaiserslautern (23)
?,(Sat) 20 Mar 1999 (W11),MSV Duisburg (23),1-0,0-0,SC Freiburg (23)
?,(Sat) 20 Mar 1999 (W11),Hertha BSC (23),2-1,1-1,TSV 1860 München (23)
?,(Sat) 20 Mar 1999 (W11),1. FC Nürnberg (23),2-2,1-1,Eintracht Frankfurt (23)
?,(Sat) 20 Mar 1999 (W11),VfB Stuttgart (23),2-2,1-0,Bor. Mönchengladbach (23)
?,(Sun) 21 Mar 1999 (W11),Hansa Rostock (23),0-1,0-1,Hamburger SV (23)
?,(Sat) 3 Apr 1999 (W13),Borussia Dortmund (24),2-2,2-0,Bayern München (24)
?,(Sat) 3 Apr 1999 (W13),Hamburger SV (24),2-1,1-1,SC Freiburg (24)
?,(Sat) 3 Apr 1999 (W13),1. FC Kaiserslautern (24),0-1,0-1,Bayer 04 Leverkusen (24)
?,(Sat) 3 Apr 1999 (W13),TSV 1860 München (24),1-2,0-1,1. FC Nürnberg (24)
?,(Sat) 3 Apr 1999 (W13),FC Schalke 04 (24),2-0,0-0,VfL Wolfsburg (24)
?,(Sat) 3 Apr 1999 (W13),VfB Stuttgart (24),0-0,0-0,MSV Duisburg (24)
?,(Sat) 3 Apr 1999 (W13),Werder Bremen (24),0-3,0-2,Hansa Rostock (24)
?,(Sun) 4 Apr 1999 (W13),Eintracht Frankfurt (24),1-0,0-0,VfL Bochum (24)
?,(Sun) 4 Apr 1999 (W13),Bor. Mönchengladbach (24),2-4,0-1,Hertha BSC (24)
?,(Fri) 9 Apr 1999 (W14),MSV Duisburg (25),2-3,2-0,Hamburger SV (25)
?,(Fri) 9 Apr 1999 (W14),SC Freiburg (25),0-2,0-0,Werder Bremen (25)
?,(Sat) 10 Apr 1999 (W14),Bayern München (25),1-1,0-0,FC Schalke 04 (25)
?,(Sat) 10 Apr 1999 (W14),Hansa Rostock (25),2-0,0-0,Borussia Dortmund (25)
?,(Sat) 10 Apr 1999 (W14),Hertha BSC (25),2-0,0-0,VfB Stuttgart (25)
?,(Sat) 10 Apr 1999 (W14),Bayer 04 Leverkusen (25),2-1,2-0,Eintracht Frankfurt (25)
?,(Sat) 10 Apr 1999 (W14),1. FC Nürnberg (25),2-0,1-0,Bor. Mönchengladbach (25)
?,(Sat) 10 Apr 1999 (W14),VfL Wolfsburg (25),2-1,1-0,1. FC Kaiserslautern (25)
?,(Sun) 11 Apr 1999 (W14),VfL Bochum (25),2-0,0-0,TSV 1860 München (25)
?,(Tue) 13 Apr 1999 (W15),Eintracht Frankfurt (26),0-1,0-1,VfL Wolfsburg (26)
?,(Tue) 13 Apr 1999 (W15),1. FC Kaiserslautern (26),2-1,2-1,Bayern München (26)
?,(Tue) 13 Apr 1999 (W15),FC Schalke 04 (26),1-0,0-0,Hansa Rostock (26)
?,(Tue) 13 Apr 1999 (W15),VfB Stuttgart (26),0-0,0-0,1. FC Nürnberg (26)
?,(Tue) 13 Apr 1999 (W15),Werder Bremen (26),0-0,0-0,Hamburger SV (26)
?,(Wed) 14 Apr 1999 (W15),Borussia Dortmund (26),2-1,1-1,SC Freiburg (26)
?,(Wed) 14 Apr 1999 (W15),Hertha BSC (26),1-3,0-1,MSV Duisburg (26)
?,(Wed) 14 Apr 1999 (W15),Bor. Mönchengladbach (26),2-2,0-0,VfL Bochum (26)
?,(Wed) 14 Apr 1999 (W15),TSV 1860 München (26),0-2,0-0,Bayer 04 Leverkusen (26)
?,(Fri) 16 Apr 1999 (W15),Bayern München (27),3-1,2-0,Eintracht Frankfurt (27)
?,(Fri) 16 Apr 1999 (W15),Hansa Rostock (27),2-1,1-0,1. FC Kaiserslautern (27)
?,(Sat) 17 Apr 1999 (W15),VfL Bochum (27),3-3,0-2,VfB Stuttgart (27)
?,(Sat) 17 Apr 1999 (W15),MSV Duisburg (27),2-0,1-0,Werder Bremen (27)
?,(Sat) 17 Apr 1999 (W15),SC Freiburg (27),0-2,0-0,FC Schalke 04 (27)
?,(Sat) 17 Apr 1999 (W15),Bayer 04 Leverkusen (27),4-1,1-0,Bor. Mönchengladbach (27)
?,(Sat) 17 Apr 1999 (W15),1. FC Nürnberg (27),0-0,0-0,Hertha BSC (27)
?,(Sat) 17 Apr 1999 (W15),VfL Wolfsburg (27),1-0,0-0,TSV 1860 München (27)
?,(Sun) 18 Apr 1999 (W15),Hamburger SV (27),0-0,0-0,Borussia Dortmund (27)
?,(Fri) 23 Apr 1999 (W16),Borussia Dortmund (28),2-1,0-1,Werder Bremen (28)
?,(Fri) 23 Apr 1999 (W16),VfB Stuttgart (28),0-1,0-1,Bayer 04 Leverkusen (28)
?,(Sat) 24 Apr 1999 (W16),Eintracht Frankfurt (28),2-2,0-1,Hansa Rostock (28)
?,(Sat) 24 Apr 1999 (W16),Hertha BSC (28),4-1,3-0,VfL Bochum (28)
?,(Sat) 24 Apr 1999 (W16),1. FC Kaiserslautern (28),0-2,0-1,SC Freiburg (28)
?,(Sat) 24 Apr 1999 (W16),Bor. Mönchengladbach (28),5-2,2-0,VfL Wolfsburg (28)
?,(Sat) 24 Apr 1999 (W16),1. FC Nürnberg (28),0-2,0-1,MSV Duisburg (28)
?,(Sat) 24 Apr 1999 (W16),FC Schalke 04 (28),1-4,1-2,Hamburger SV (28)
?,(Sun) 25 Apr 1999 (W16),TSV 1860 München (28),1-1,0-0,Bayern München (28)
?,(Fri) 30 Apr 1999 (W17),VfL Bochum (29),0-3,0-1,1. FC Nürnberg (29)
?,(Fri) 30 Apr 1999 (W17),SC Freiburg (29),2-0,1-0,Eintracht Frankfurt (29)
?,(Sat) 1 May 1999 (W17),Bayern München (29),4-2,1-1,Bor. Mönchengladbach (29)
?,(Sat) 1 May 1999 (W17),Hamburger SV (29),2-0,1-0,1. FC Kaiserslautern (29)
?,(Sat) 1 May 1999 (W17),Hansa Rostock (29),4-1,4-0,TSV 1860 München (29)
?,(Sat) 1 May 1999 (W17),Bayer 04 Leverkusen (29),2-2,1-1,Hertha BSC (29)
?,(Sat) 1 May 1999 (W17),VfL Wolfsburg (29),3-2,0-2,VfB Stuttgart (29)
?,(Sun) 2 May 1999 (W17),MSV Duisburg (29),3-2,3-1,Borussia Dortmund (29)
?,(Tue) 4 May 1999 (W18),Eintracht Frankfurt (30),2-2,2-0,Hamburger SV (30)
?,(Tue) 4 May 1999 (W18),1. FC Kaiserslautern (30),4-0,1-0,Werder Bremen (29)
?,(Tue) 4 May 1999 (W18),Bor. Mönchengladbach (30),1-1,0-0,Hansa Rostock (30)
?,(Tue) 4 May 1999 (W18),VfB Stuttgart (30),0-2,0-0,Bayern München (30)
?,(Wed) 5 May 1999 (W18),VfL Bochum (30),0-2,0-1,MSV Duisburg (30)
?,(Wed) 5 May 1999 (W18),Hertha BSC (30),2-0,1-0,VfL Wolfsburg (30)
?,(Wed) 5 May 1999 (W18),TSV 1860 München (30),2-0,1-0,SC Freiburg (30)
?,(Wed) 5 May 1999 (W18),1. FC Nürnberg (30),2-2,1-1,Bayer 04 Leverkusen (30)
?,(Wed) 5 May 1999 (W18),FC Schalke 04 (29),1-1,1-1,Borussia Dortmund (30)
?,(Fri) 7 May 1999 (W18),Hansa Rostock (31),3-0,1-0,VfB Stuttgart (31)
?,(Fri) 7 May 1999 (W18),Werder Bremen (30),1-2,0-0,Eintracht Frankfurt (31)
?,(Sat) 8 May 1999 (W18),Borussia Dortmund (31),1-0,1-0,1. FC Kaiserslautern (31)
?,(Sat) 8 May 1999 (W18),MSV Duisburg (31),1-2,1-0,FC Schalke 04 (30)
?,(Sat) 8 May 1999 (W18),SC Freiburg (31),2-1,1-0,Bor. Mönchengladbach (31)
?,(Sat) 8 May 1999 (W18),Hamburger SV (31),3-0,0-0,TSV 1860 München (31)
?,(Sat) 8 May 1999 (W18),Bayer 04 Leverkusen (31),2-0,1-0,VfL Bochum (31)
?,(Sat) 8 May 1999 (W18),VfL Wolfsburg (31),1-1,0-1,1. FC Nürnberg (31)
?,(Sun) 9 May 1999 (W18),Bayern München (31),1-1,1-0,Hertha BSC (31)
?,(Tue) 11 May 1999 (W19),Werder Bremen (31),1-0,0-0,FC Schalke 04 (31)
?,(Fri) 14 May 1999 (W19),Hertha BSC (32),2-0,0-0,Hansa Rostock (32)
?,(Fri) 14 May 1999 (W19),Bor. Mönchengladbach (32),2-2,0-0,Hamburger SV (32)
?,(Sat) 15 May 1999 (W19),VfL Bochum (32),0-2,0-1,VfL Wolfsburg (32)
?,(Sat) 15 May 1999 (W19),MSV Duisburg (32),0-0,0-0,Bayer 04 Leverkusen (32)
?,(Sat) 15 May 1999 (W19),Eintracht Frankfurt (32),2-0,1-0,Borussia Dortmund (32)
?,(Sat) 15 May 1999 (W19),TSV 1860 München (32),1-3,1-2,Werder Bremen (32)
?,(Sat) 15 May 1999 (W19),1. FC Nürnberg (32),2-0,0-0,Bayern München (32)
?,(Sat) 15 May 1999 (W19),VfB Stuttgart (32),3-1,1-1,SC Freiburg (32)
?,(Sun) 16 May 1999 (W19),FC Schalke 04 (32),0-2,0-0,1. FC Kaiserslautern (32)
?,(Sat) 22 May 1999 (W20),Bayern München (33),4-2,0-1,VfL Bochum (33)
?,(Sat) 22 May 1999 (W20),Borussia Dortmund (33),3-1,0-0,TSV 1860 München (33)
?,(Sat) 22 May 1999 (W20),SC Freiburg (33),0-2,0-1,Hertha BSC (33)
?,(Sat) 22 May 1999 (W20),Hamburger SV (33),3-1,3-1,VfB Stuttgart (33)
?,(Sat) 22 May 1999 (W20),Hansa Rostock (33),1-1,1-0,1. FC Nürnberg (33)
?,(Sat) 22 May 1999 (W20),1. FC Kaiserslautern (33),3-0,3-0,MSV Duisburg (33)
?,(Sat) 22 May 1999 (W20),FC Schalke 04 (33),2-3,2-1,Eintracht Frankfurt (33)
?,(Sat) 22 May 1999 (W20),Werder Bremen (33),4-1,2-0,Bor. Mönchengladbach (33)
?,(Sat) 22 May 1999 (W20),VfL Wolfsburg (33),1-0,0-0,Bayer 04 Leverkusen (33)
?,(Sat) 29 May 1999 (W21),VfL Bochum (34),2-3,0-1,Hansa Rostock (34)
?,(Sat) 29 May 1999 (W21),MSV Duisburg (34),6-1,2-1,VfL Wolfsburg (34)
?,(Sat) 29 May 1999 (W21),Eintracht Frankfurt (34),5-1,0-0,1. FC Kaiserslautern (34)
?,(Sat) 29 May 1999 (W21),Hertha BSC (34),6-1,1-0,Hamburger SV (34)
?,(Sat) 29 May 1999 (W21),Bayer 04 Leverkusen (34),1-2,0-1,Bayern München (34)
?,(Sat) 29 May 1999 (W21),Bor. Mönchengladbach (34),0-2,0-0,Borussia Dortmund (34)
?,(Sat) 29 May 1999 (W21),TSV 1860 München (34),4-5,4-3,FC Schalke 04 (34)
?,(Sat) 29 May 1999 (W21),1. FC Nürnberg (34),1-2,0-2,SC Freiburg (34)
?,(Sat) 29 May 1999 (W21),VfB Stuttgart (34),1-0,1-0,Werder Bremen (34)
