Date,Team 1,Team 2,FT,HT
2004-08-07,Dresden,Duisburg,3-1,0-0
2004-08-07,Essen,Erzgebirge Aue,1-5,0-4
2004-08-07,Karlsruhe,Burghausen,1-1,0-0
2004-08-08,FC Koln,Cottbus,0-0,0-0
2004-08-08,Greuther Furth,Ahlen,1-0,0-0
2004-08-08,Munich 1860,Unterhaching,2-2,2-1
2004-08-08,Oberhausen,Ein Trier,1-1,1-1
2004-08-08,Saarbrucken,Erfurt,0-2,0-1
2004-08-09,Aachen,Ein Frankfurt,1-1,0-0
2004-08-13,Burghausen,FC Koln,4-2,2-1
2004-08-13,Duisburg,Saarbrucken,2-1,1-0
2004-08-13,Erzgebirge Aue,Munich 1860,3-1,2-1
2004-08-15,Ahlen,Aachen,1-1,1-1
2004-08-15,Ein Frankfurt,Karlsruhe,2-1,0-0
2004-08-15,Ein Trier,Essen,1-1,0-1
2004-08-15,Erfurt,Oberhausen,1-1,1-0
2004-08-15,Unterhaching,Greuther Furth,1-2,1-1
2004-08-16,Cottbus,Dresden,2-1,1-1
2004-08-27,Aachen,Karlsruhe,4-0,2-0
2004-08-27,Essen,Erfurt,0-0,0-0
2004-08-27,Munich 1860,Ein Trier,2-0,1-0
2004-08-29,Ahlen,Unterhaching,1-2,0-1
2004-08-29,Dresden,Burghausen,1-1,0-1
2004-08-29,Greuther Furth,Erzgebirge Aue,1-0,1-0
2004-08-29,Oberhausen,Duisburg,0-2,0-1
2004-08-29,Saarbrucken,Cottbus,0-0,0-0
2004-08-30,FC Koln,Ein Frankfurt,2-0,1-0
2004-09-10,Burghausen,Saarbrucken,1-2,1-0
2004-09-10,Cottbus,Oberhausen,1-0,0-0
2004-09-10,Ein Frankfurt,Dresden,2-1,1-0
2004-09-12,Duisburg,Essen,1-0,0-0
2004-09-12,Ein Trier,Greuther Furth,0-0,0-0
2004-09-12,Erzgebirge Aue,Ahlen,0-0,0-0
2004-09-12,Karlsruhe,FC Koln,0-1,0-0
2004-09-12,Unterhaching,Aachen,0-2,0-0
2004-09-13,Erfurt,Munich 1860,0-0,0-0
2004-09-17,Ahlen,Ein Trier,2-2,1-0
2004-09-17,Dresden,Karlsruhe,1-2,0-1
2004-09-17,Munich 1860,Duisburg,1-0,0-0
2004-09-19,Aachen,FC Koln,2-3,1-0
2004-09-19,Essen,Cottbus,4-2,1-0
2004-09-19,Greuther Furth,Erfurt,2-0,2-0
2004-09-19,Oberhausen,Burghausen,1-2,1-0
2004-09-19,Saarbrucken,Ein Frankfurt,3-0,1-0
2004-09-19,Unterhaching,Erzgebirge Aue,4-1,2-0
2004-09-24,Burghausen,Essen,3-2,2-1
2004-09-24,Erfurt,Ahlen,1-1,0-0
2004-09-24,Karlsruhe,Saarbrucken,1-1,0-1
2004-09-26,Duisburg,Greuther Furth,1-0,1-0
2004-09-26,Ein Frankfurt,Oberhausen,6-2,1-1
2004-09-26,Ein Trier,Unterhaching,2-0,2-0
2004-09-26,Erzgebirge Aue,Aachen,1-1,0-0
2004-09-26,FC Koln,Dresden,3-2,0-2
2004-09-27,Cottbus,Munich 1860,1-1,0-1
2004-10-01,Ahlen,Duisburg,2-0,1-0
2004-10-01,Essen,Ein Frankfurt,4-4,2-2
2004-10-01,Unterhaching,Erfurt,4-0,2-0
2004-10-03,Erzgebirge Aue,Ein Trier,1-2,0-0
2004-10-03,Greuther Furth,Cottbus,2-0,1-0
2004-10-03,Munich 1860,Burghausen,2-4,1-1
2004-10-03,Oberhausen,Karlsruhe,1-0,1-0
2004-10-03,Saarbrucken,FC Koln,2-0,1-0
2004-10-04,Aachen,Dresden,5-1,2-0
2004-10-15,Duisburg,Unterhaching,3-1,1-0
2004-10-15,Erfurt,Erzgebirge Aue,0-3,0-2
2004-10-15,Karlsruhe,Essen,4-1,2-1
2004-10-17,Burghausen,Greuther Furth,0-1,0-1
2004-10-17,Cottbus,Ahlen,0-0,0-0
2004-10-17,Dresden,Saarbrucken,2-1,2-1
2004-10-17,Ein Trier,Aachen,0-4,0-2
2004-10-17,FC Koln,Oberhausen,3-2,1-2
2004-10-18,Ein Frankfurt,Munich 1860,1-2,0-2
2004-10-22,Essen,FC Koln,2-2,1-0
2004-10-22,Greuther Furth,Ein Frankfurt,2-1,1-1
2004-10-22,Munich 1860,Karlsruhe,1-1,0-1
2004-10-22,Unterhaching,Cottbus,2-1,0-1
2004-10-24,Aachen,Saarbrucken,3-1,2-0
2004-10-24,Ein Trier,Erfurt,2-0,0-0
2004-10-24,Erzgebirge Aue,Duisburg,1-3,0-0
2004-10-24,Oberhausen,Dresden,2-0,1-0
2004-10-26,Burghausen,Unterhaching,2-0,1-0
2004-10-26,Ein Frankfurt,Ahlen,2-3,2-2
2004-10-26,FC Koln,Munich 1860,2-0,2-0
2004-10-26,Karlsruhe,Greuther Furth,2-2,0-1
2004-10-27,Dresden,Essen,1-0,1-0
2004-10-27,Duisburg,Ein Trier,4-3,3-3
2004-10-27,Erfurt,Aachen,1-0,0-0
2004-10-27,Saarbrucken,Oberhausen,3-0,2-0
2004-10-28,Cottbus,Erzgebirge Aue,1-0,0-0
2004-10-29,Ahlen,Karlsruhe,2-2,1-2
2004-10-29,Greuther Furth,FC Koln,0-1,0-0
2004-10-29,Unterhaching,Ein Frankfurt,2-0,1-0
2004-10-31,Aachen,Oberhausen,2-1,2-0
2004-10-31,Ein Trier,Cottbus,2-1,1-1
2004-10-31,Erfurt,Duisburg,0-0,0-0
2004-10-31,Erzgebirge Aue,Burghausen,2-0,0-0
2004-10-31,Essen,Saarbrucken,2-0,1-0
2004-11-01,Munich 1860,Dresden,2-0,0-0
2004-11-05,Burghausen,Ein Trier,0-0,0-0
2004-11-05,Ein Frankfurt,Erzgebirge Aue,2-0,1-0
2004-11-05,Karlsruhe,Unterhaching,1-0,1-0
2004-11-07,Cottbus,Erfurt,3-0,1-0
2004-11-07,Dresden,Greuther Furth,2-2,0-1
2004-11-07,FC Koln,Ahlen,3-0,2-0
2004-11-07,Oberhausen,Essen,1-1,0-0
2004-11-07,Saarbrucken,Munich 1860,4-1,2-1
2004-11-08,Duisburg,Aachen,1-0,1-0
2004-11-12,Erfurt,Burghausen,1-0,0-0
2004-11-12,Greuther Furth,Saarbrucken,2-0,1-0
2004-11-12,Munich 1860,Oberhausen,5-1,3-0
2004-11-14,Aachen,Essen,1-1,1-0
2004-11-14,Ahlen,Dresden,2-0,1-0
2004-11-14,Duisburg,Cottbus,2-0,1-0
2004-11-14,Ein Trier,Ein Frankfurt,2-2,1-2
2004-11-14,Erzgebirge Aue,Karlsruhe,1-0,0-0
2004-11-15,Unterhaching,FC Koln,1-3,1-0
2004-11-19,Ein Frankfurt,Erfurt,2-1,2-0
2004-11-19,FC Koln,Erzgebirge Aue,1-0,0-0
2004-11-19,Oberhausen,Greuther Furth,1-0,0-0
2004-11-19,Saarbrucken,Ahlen,0-0,0-0
2004-11-21,Burghausen,Duisburg,0-0,0-0
2004-11-21,Dresden,Unterhaching,1-0,1-0
2004-11-21,Karlsruhe,Ein Trier,1-0,1-0
2004-11-22,Cottbus,Aachen,1-2,1-2
2004-11-24,Essen,Munich 1860,0-0,0-0
2004-11-26,Ahlen,Oberhausen,0-1,0-1
2004-11-26,Duisburg,Ein Frankfurt,1-1,1-0
2004-11-26,Ein Trier,FC Koln,0-0,0-0
2004-11-28,Aachen,Munich 1860,5-1,3-1
2004-11-28,Erfurt,Karlsruhe,4-2,3-2
2004-11-28,Erzgebirge Aue,Dresden,4-1,2-1
2004-11-28,Greuther Furth,Essen,3-2,1-0
2004-11-28,Unterhaching,Saarbrucken,1-3,0-2
2004-11-29,Cottbus,Burghausen,0-2,0-0
2004-12-03,Essen,Ahlen,1-0,0-0
2004-12-03,Karlsruhe,Duisburg,0-3,0-3
2004-12-03,Saarbrucken,Erzgebirge Aue,2-1,2-0
2004-12-05,Aachen,Burghausen,3-1,1-0
2004-12-05,Dresden,Ein Trier,4-1,1-1
2004-12-05,Ein Frankfurt,Cottbus,3-1,2-0
2004-12-05,FC Koln,Erfurt,1-1,0-0
2004-12-05,Oberhausen,Unterhaching,3-1,0-0
2004-12-06,Munich 1860,Greuther Furth,2-1,0-0
2004-12-10,Burghausen,Ein Frankfurt,0-3,0-1
2004-12-10,Cottbus,Karlsruhe,4-1,2-1
2004-12-10,Greuther Furth,Aachen,3-2,1-1
2004-12-12,Ahlen,Munich 1860,1-0,1-0
2004-12-12,Duisburg,FC Koln,1-0,0-0
2004-12-12,Ein Trier,Saarbrucken,2-1,2-0
2004-12-12,Erfurt,Dresden,1-1,0-0
2004-12-12,Erzgebirge Aue,Oberhausen,2-0,1-0
2004-12-12,Unterhaching,Essen,4-0,3-0
2005-01-22,Burghausen,Karlsruhe,1-1,1-0
2005-01-22,Ein Trier,Oberhausen,2-2,1-0
2005-01-22,Erzgebirge Aue,Essen,1-1,0-0
2005-01-23,Ahlen,Greuther Furth,2-4,1-2
2005-01-23,Cottbus,FC Koln,3-5,2-2
2005-01-23,Duisburg,Dresden,4-2,1-0
2005-01-23,Erfurt,Saarbrucken,0-1,0-1
2005-01-23,Unterhaching,Munich 1860,1-1,0-0
2005-01-24,Ein Frankfurt,Aachen,1-0,1-0
2005-01-28,Essen,Ein Trier,2-2,1-1
2005-01-28,FC Koln,Burghausen,8-1,4-0
2005-01-28,Munich 1860,Erzgebirge Aue,1-0,1-0
2005-01-30,Aachen,Ahlen,0-2,0-1
2005-01-30,Greuther Furth,Unterhaching,3-1,2-1
2005-01-30,Karlsruhe,Ein Frankfurt,3-0,1-0
2005-01-30,Oberhausen,Erfurt,4-3,3-1
2005-01-30,Saarbrucken,Duisburg,4-1,0-0
2005-01-31,Dresden,Cottbus,0-1,0-0
2005-02-04,Cottbus,Saarbrucken,1-1,1-0
2005-02-04,Duisburg,Oberhausen,4-1,2-1
2005-02-04,Ein Frankfurt,FC Koln,1-0,0-0
2005-02-06,Ein Trier,Munich 1860,2-2,0-0
2005-02-06,Erfurt,Essen,1-1,0-0
2005-02-06,Erzgebirge Aue,Greuther Furth,2-1,2-0
2005-02-06,Karlsruhe,Aachen,0-1,0-0
2005-02-06,Unterhaching,Ahlen,2-1,2-0
2005-02-07,Burghausen,Dresden,2-1,1-0
2005-02-11,Aachen,Unterhaching,2-3,1-2
2005-02-11,Dresden,Ein Frankfurt,2-1,1-0
2005-02-11,Oberhausen,Cottbus,0-1,0-0
2005-02-13,Ahlen,Erzgebirge Aue,1-2,0-0
2005-02-13,Essen,Duisburg,1-0,0-0
2005-02-13,Greuther Furth,Ein Trier,3-3,2-0
2005-02-13,Munich 1860,Erfurt,3-1,1-0
2005-02-13,Saarbrucken,Burghausen,2-4,1-0
2005-02-14,FC Koln,Karlsruhe,2-2,0-1
2005-02-18,Cottbus,Essen,0-0,0-0
2005-02-18,Ein Trier,Ahlen,2-0,1-0
2005-02-18,Karlsruhe,Dresden,1-1,1-1
2005-02-20,Burghausen,Oberhausen,2-2,0-1
2005-02-20,Ein Frankfurt,Saarbrucken,3-0,2-0
2005-02-20,Erfurt,Greuther Furth,1-2,1-1
2005-02-20,Erzgebirge Aue,Unterhaching,1-0,0-0
2005-02-20,FC Koln,Aachen,1-0,0-0
2005-02-21,Duisburg,Munich 1860,0-1,0-0
2005-02-25,Essen,Burghausen,1-2,1-0
2005-02-25,Munich 1860,Cottbus,1-0,0-0
2005-02-27,Aachen,Erzgebirge Aue,1-5,0-1
2005-02-27,Ahlen,Erfurt,2-3,2-0
2005-02-27,Oberhausen,Ein Frankfurt,0-3,0-1
2005-02-27,Unterhaching,Ein Trier,1-0,0-0
2005-02-28,Greuther Furth,Duisburg,1-3,0-2
2005-03-04,Burghausen,Munich 1860,0-3,0-1
2005-03-04,Dresden,Aachen,2-0,2-0
2005-03-04,Duisburg,Ahlen,1-0,0-0
2005-03-06,Cottbus,Greuther Furth,2-0,1-0
2005-03-06,Ein Frankfurt,Essen,1-0,1-0
2005-03-06,Ein Trier,Erzgebirge Aue,1-0,1-0
2005-03-07,FC Koln,Saarbrucken,3-1,3-0
2005-03-11,Erzgebirge Aue,Erfurt,3-2,1-0
2005-03-11,Oberhausen,FC Koln,0-3,0-2
2005-03-11,Saarbrucken,Dresden,0-1,0-1
2005-03-13,Aachen,Ein Trier,2-0,1-0
2005-03-13,Ahlen,Cottbus,3-1,1-1
2005-03-13,Essen,Karlsruhe,2-1,2-1
2005-03-13,Unterhaching,Duisburg,0-1,0-1
2005-03-14,Munich 1860,Ein Frankfurt,2-1,1-1
2005-03-16,Dresden,FC Koln,2-1,0-0
2005-03-16,Saarbrucken,Karlsruhe,3-4,2-2
2005-03-18,Burghausen,Ahlen,1-0,0-0
2005-03-18,Duisburg,Erzgebirge Aue,1-1,0-1
2005-03-18,Erfurt,Ein Trier,3-0,2-0
2005-03-20,Cottbus,Unterhaching,0-0,0-0
2005-03-20,Dresden,Oberhausen,3-1,2-0
2005-03-20,FC Koln,Essen,0-0,0-0
2005-03-20,Karlsruhe,Munich 1860,1-1,0-0
2005-03-20,Saarbrucken,Aachen,1-2,0-1
2005-03-21,Ein Frankfurt,Greuther Furth,1-0,1-0
2005-04-01,Aachen,Erfurt,5-1,4-0
2005-04-01,Erzgebirge Aue,Cottbus,2-0,2-0
2005-04-01,Essen,Dresden,2-1,2-0
2005-04-03,Ahlen,Ein Frankfurt,3-2,2-1
2005-04-03,Greuther Furth,Karlsruhe,1-0,1-0
2005-04-03,Munich 1860,FC Koln,0-0,0-0
2005-04-03,Oberhausen,Saarbrucken,3-0,1-0
2005-04-03,Unterhaching,Burghausen,0-1,0-1
2005-04-04,Ein Trier,Duisburg,1-0,1-0
2005-04-06,Erfurt,Unterhaching,2-0,1-0
2005-04-06,Greuther Furth,Burghausen,1-1,0-0
2005-04-06,Karlsruhe,Oberhausen,3-0,2-0
2005-04-08,Cottbus,Ein Trier,2-1,1-0
2005-04-08,Dresden,Munich 1860,0-4,0-3
2005-04-08,Saarbrucken,Essen,0-0,0-0
2005-04-10,Burghausen,Erzgebirge Aue,2-2,2-1
2005-04-10,Duisburg,Erfurt,4-0,2-0
2005-04-10,Ein Frankfurt,Unterhaching,3-0,1-0
2005-04-10,Karlsruhe,Ahlen,0-0,0-0
2005-04-10,Oberhausen,Aachen,0-0,0-0
2005-04-11,FC Koln,Greuther Furth,3-2,2-0
2005-04-15,Erfurt,Cottbus,3-3,1-1
2005-04-15,Essen,Oberhausen,2-2,2-0
2005-04-15,Greuther Furth,Dresden,0-1,0-1
2005-04-17,Ahlen,FC Koln,1-0,0-0
2005-04-17,Ein Trier,Burghausen,0-2,0-1
2005-04-17,Erzgebirge Aue,Ein Frankfurt,0-5,0-2
2005-04-17,Munich 1860,Saarbrucken,1-1,1-0
2005-04-17,Unterhaching,Karlsruhe,2-0,0-0
2005-04-18,Aachen,Duisburg,0-0,0-0
2005-04-22,Ein Frankfurt,Ein Trier,2-0,1-0
2005-04-22,Essen,Aachen,0-2,0-1
2005-04-22,Karlsruhe,Erzgebirge Aue,0-1,0-0
2005-04-24,Burghausen,Erfurt,0-2,0-0
2005-04-24,Cottbus,Duisburg,1-0,1-0
2005-04-24,Dresden,Ahlen,3-1,0-1
2005-04-24,Oberhausen,Munich 1860,0-0,0-0
2005-04-24,Saarbrucken,Greuther Furth,2-1,1-1
2005-04-25,FC Koln,Unterhaching,1-0,1-0
2005-04-27,Ahlen,Burghausen,1-3,1-0
2005-04-29,Erfurt,Ein Frankfurt,0-3,0-3
2005-04-29,Greuther Furth,Oberhausen,3-2,3-2
2005-04-29,Unterhaching,Dresden,1-0,0-0
2005-05-01,Aachen,Cottbus,4-0,3-0
2005-05-01,Ahlen,Saarbrucken,2-3,1-0
2005-05-01,Duisburg,Burghausen,4-3,1-3
2005-05-01,Ein Trier,Karlsruhe,0-2,0-1
2005-05-01,Munich 1860,Essen,0-0,0-0
2005-05-02,Erzgebirge Aue,FC Koln,1-2,1-1
2005-05-06,Dresden,Erzgebirge Aue,1-0,1-0
2005-05-06,FC Koln,Ein Trier,1-2,0-1
2005-05-06,Karlsruhe,Erfurt,2-0,1-0
2005-05-08,Burghausen,Cottbus,0-0,0-0
2005-05-08,Essen,Greuther Furth,0-2,0-0
2005-05-08,Munich 1860,Aachen,3-0,1-0
2005-05-08,Oberhausen,Ahlen,2-2,1-1
2005-05-08,Saarbrucken,Unterhaching,0-1,0-0
2005-05-09,Ein Frankfurt,Duisburg,0-1,0-1
2005-05-15,Ahlen,Essen,3-1,0-1
2005-05-15,Burghausen,Aachen,2-3,0-1
2005-05-15,Cottbus,Ein Frankfurt,0-3,0-1
2005-05-15,Duisburg,Karlsruhe,1-4,0-2
2005-05-15,Ein Trier,Dresden,2-4,0-1
2005-05-15,Erfurt,FC Koln,0-1,0-0
2005-05-15,Erzgebirge Aue,Saarbrucken,2-0,0-0
2005-05-15,Greuther Furth,Munich 1860,2-3,1-1
2005-05-15,Unterhaching,Oberhausen,0-2,0-2
2005-05-22,Aachen,Greuther Furth,0-1,0-0
2005-05-22,Dresden,Erfurt,2-1,1-1
2005-05-22,Ein Frankfurt,Burghausen,3-0,1-0
2005-05-22,Essen,Unterhaching,0-1,0-0
2005-05-22,FC Koln,Duisburg,4-0,0-0
2005-05-22,Karlsruhe,Cottbus,3-2,1-2
2005-05-22,Munich 1860,Ahlen,3-4,2-2
2005-05-22,Oberhausen,Erzgebirge Aue,1-1,1-0
2005-05-22,Saarbrucken,Ein Trier,1-1,1-1
